project_id,scenario_ground_truth,total_snapshots,observation_start_date,observation_end_date,final_stage,delayed,delay_days,first_delay_day,delay_30_event_count,delay_60_event_count,delay_90_event_count,is_censored,synthetic_ground_truth_note
SYN-00001,NORMAL,14,2025-06-12,2026-07-07,3D,0,0,,0,0,0,0,"Synthetic outcome generated for model development and pipeline testing only; not a legal, statutory, or empirical real-world benchmark."
SYN-00002,COMPENSATION_DELAY,9,2020-10-17,2021-06-14,3D,1,93,147.0,1,2,3,0,"Synthetic outcome generated for model development and pipeline testing only; not a legal, statutory, or empirical real-world benchmark."
SYN-00003,NORMAL,11,2023-08-04,2024-05-30,3D,0,0,,0,0,0,0,"Synthetic outcome generated for model development and pipeline testing only; not a legal, statutory, or empirical real-world benchmark."
SYN-00004,NORMAL,9,2021-07-28,2022-03-25,3D,0,0,,0,0,0,0,"Synthetic outcome generated for model development and pipeline testing only; not a legal, statutory, or empirical real-world benchmark."
SYN-00005,NORMAL,14,2025-01-04,2026-01-29,3D,1,89,301.0,1,2,3,0,"Synthetic outcome generated for model development and pipeline testing only; not a legal, statutory, or empirical real-world benchmark."
SYN-00006,NORMAL,9,2022-06-15,2023-02-10,3D,0,0,,0,0,0,1,"Synthetic outcome generated for model development and pipeline testing only; not a legal, statutory, or empirical real-world benchmark."
SYN-00007,RECOVERY,9,2019-06-07,2020-02-02,3D,0,0,,0,0,0,0,"Synthetic outcome generated for model development and pipeline testing only; not a legal, statutory, or empirical real-world benchmark."
SYN-00008,NORMAL,12,2025-06-21,2026-05-17,3D,0,0,,0,0,0,0,"Synthetic outcome generated for model development and pipeline testing only; not a legal, statutory, or empirical real-world benchmark."
SYN-00009,COMPENSATION_DELAY,13,2021-02-05,2022-01-31,3D,0,0,,0,0,0,1,"Synthetic outcome generated for model development and pipeline testing only; not a legal, statutory, or empirical real-world benchmark."
SYN-00010,NORMAL,15,2022-01-19,2023-03-15,3D,0,0,,0,0,0,0,"Synthetic outcome generated for model development and pipeline testing only; not a legal, statutory, or empirical real-world benchmark."
SYN-00011,DOCUMENTATION_DELAY,9,2025-12-28,2026-08-25,3D,0,0,,0,0,0,0,"Synthetic outcome generated for model development and pipeline testing only; not a legal, statutory, or empirical real-world benchmark."
SYN-00012,NORMAL,9,2020-08-29,2021-04-26,3D,0,0,,0,0,0,0,"Synthetic outcome generated for model development and pipeline testing only; not a legal, statutory, or empirical real-world benchmark."
SYN-00013,DOCUMENTATION_DELAY,14,2022-02-16,2023-03-13,3D,0,0,,0,0,0,1,"Synthetic outcome generated for model development and pipeline testing only; not a legal, statutory, or empirical real-world benchmark."
SYN-00014,COMPENSATION_DELAY,13,2022-09-07,2023-09-02,3D,1,122,238.0,1,2,3,0,"Synthetic outcome generated for model development and pipeline testing only; not a legal, statutory, or empirical real-world benchmark."
SYN-00015,NORMAL,15,2019-08-19,2020-10-12,3D,0,0,,0,0,0,0,"Synthetic outcome generated for model development and pipeline testing only; not a legal, statutory, or empirical real-world benchmark."
SYN-00016,ADMINISTRATIVE_BOTTLENECK,11,2020-07-16,2021-05-12,3D,0,0,,0,0,0,0,"Synthetic outcome generated for model development and pipeline testing only; not a legal, statutory, or empirical real-world benchmark."
SYN-00017,LEGAL_DELAY,12,2022-09-13,2023-08-09,3D,0,0,,0,0,0,1,"Synthetic outcome generated for model development and pipeline testing only; not a legal, statutory, or empirical real-world benchmark."
SYN-00018,LEGAL_DELAY,8,2023-07-11,2024-02-06,3D,1,126,84.0,1,2,3,0,"Synthetic outcome generated for model development and pipeline testing only; not a legal, statutory, or empirical real-world benchmark."
SYN-00019,MULTI_FACTOR_DELAY,12,2019-05-29,2020-04-23,3A,1,173,157.0,1,2,3,1,"Synthetic outcome generated for model development and pipeline testing only; not a legal, statutory, or empirical real-world benchmark."
SYN-00020,ADMINISTRATIVE_BOTTLENECK,13,2020-11-02,2021-10-28,3D,1,162,198.0,1,2,3,1,"Synthetic outcome generated for model development and pipeline testing only; not a legal, statutory, or empirical real-world benchmark."
SYN-00021,LEGAL_DELAY,9,2025-02-18,2025-10-16,3D,1,122,118.0,1,2,3,0,"Synthetic outcome generated for model development and pipeline testing only; not a legal, statutory, or empirical real-world benchmark."
SYN-00022,LEGAL_DELAY,9,2025-01-24,2025-09-21,3D,1,76,164.0,1,2,3,0,"Synthetic outcome generated for model development and pipeline testing only; not a legal, statutory, or empirical real-world benchmark."
SYN-00023,NORMAL,11,2021-12-16,2022-10-12,3D,0,0,,0,0,0,0,"Synthetic outcome generated for model development and pipeline testing only; not a legal, statutory, or empirical real-world benchmark."
SYN-00024,LEGAL_DELAY,9,2025-07-19,2026-03-16,3D,1,171,69.0,1,2,3,1,"Synthetic outcome generated for model development and pipeline testing only; not a legal, statutory, or empirical real-world benchmark."
SYN-00025,DOCUMENTATION_DELAY,15,2021-01-28,2022-03-24,3D,0,0,,0,0,0,1,"Synthetic outcome generated for model development and pipeline testing only; not a legal, statutory, or empirical real-world benchmark."
SYN-00026,MULTI_FACTOR_DELAY,13,2021-08-07,2022-08-02,3A,1,267,93.0,1,2,3,0,"Synthetic outcome generated for model development and pipeline testing only; not a legal, statutory, or empirical real-world benchmark."
SYN-00027,RNR_DELAY,12,2023-05-22,2024-04-16,3D,1,133,197.0,1,2,3,1,"Synthetic outcome generated for model development and pipeline testing only; not a legal, statutory, or empirical real-world benchmark."
SYN-00028,NORMAL,8,2025-07-10,2026-02-05,3D,0,0,,0,0,0,0,"Synthetic outcome generated for model development and pipeline testing only; not a legal, statutory, or empirical real-world benchmark."
SYN-00029,MULTI_FACTOR_DELAY,12,2020-04-29,2021-03-25,3A,1,179,151.0,1,2,3,0,"Synthetic outcome generated for model development and pipeline testing only; not a legal, statutory, or empirical real-world benchmark."
SYN-00030,NORMAL,13,2023-08-09,2024-08-03,3D,0,0,,0,0,0,0,"Synthetic outcome generated for model development and pipeline testing only; not a legal, statutory, or empirical real-world benchmark."
SYN-00031,NORMAL,10,2019-04-07,2020-01-02,3D,0,0,,0,0,0,1,"Synthetic outcome generated for model development and pipeline testing only; not a legal, statutory, or empirical real-world benchmark."
SYN-00032,NORMAL,15,2020-04-19,2021-06-13,3D,0,0,,0,0,0,0,"Synthetic outcome generated for model development and pipeline testing only; not a legal, statutory, or empirical real-world benchmark."
SYN-00033,RNR_DELAY,10,2025-04-10,2026-01-05,3D,0,0,,0,0,0,0,"Synthetic outcome generated for model development and pipeline testing only; not a legal, statutory, or empirical real-world benchmark."
SYN-00034,DOCUMENTATION_DELAY,8,2023-09-17,2024-04-14,3D,0,0,,0,0,0,0,"Synthetic outcome generated for model development and pipeline testing only; not a legal, statutory, or empirical real-world benchmark."
SYN-00035,NORMAL,12,2024-07-25,2025-06-20,3D,0,0,,0,0,0,1,"Synthetic outcome generated for model development and pipeline testing only; not a legal, statutory, or empirical real-world benchmark."
SYN-00036,COMPENSATION_DELAY,8,2022-01-23,2022-08-21,3D,1,121,89.0,1,2,3,0,"Synthetic outcome generated for model development and pipeline testing only; not a legal, statutory, or empirical real-world benchmark."
SYN-00037,NORMAL,11,2022-07-16,2023-05-12,3D,0,0,,0,0,0,0,"Synthetic outcome generated for model development and pipeline testing only; not a legal, statutory, or empirical real-world benchmark."
SYN-00038,RECOVERY,14,2021-03-08,2022-04-02,3D,0,0,,0,0,0,0,"Synthetic outcome generated for model development and pipeline testing only; not a legal, statutory, or empirical real-world benchmark."
SYN-00039,NORMAL,14,2024-11-13,2025-12-08,3D,0,0,,0,0,0,0,"Synthetic outcome generated for model development and pipeline testing only; not a legal, statutory, or empirical real-world benchmark."
SYN-00040,MULTI_FACTOR_DELAY,11,2025-03-22,2026-01-16,3A,1,92,208.0,1,2,3,1,"Synthetic outcome generated for model development and pipeline testing only; not a legal, statutory, or empirical real-world benchmark."
SYN-00041,NORMAL,10,2019-05-11,2020-02-05,3D,0,0,,0,0,0,0,"Synthetic outcome generated for model development and pipeline testing only; not a legal, statutory, or empirical real-world benchmark."
SYN-00042,RECOVERY,13,2022-06-22,2023-06-17,3D,0,0,,0,0,0,0,"Synthetic outcome generated for model development and pipeline testing only; not a legal, statutory, or empirical real-world benchmark."
SYN-00043,ADMINISTRATIVE_BOTTLENECK,12,2022-05-13,2023-04-08,3D,1,186,144.0,1,2,3,1,"Synthetic outcome generated for model development and pipeline testing only; not a legal, statutory, or empirical real-world benchmark."
SYN-00044,COMPENSATION_DELAY,9,2023-03-06,2023-11-01,3D,1,65,175.0,1,2,3,0,"Synthetic outcome generated for model development and pipeline testing only; not a legal, statutory, or empirical real-world benchmark."
SYN-00045,NORMAL,10,2024-12-16,2025-09-12,3D,0,0,,0,0,0,0,"Synthetic outcome generated for model development and pipeline testing only; not a legal, statutory, or empirical real-world benchmark."
SYN-00046,NORMAL,15,2019-10-01,2020-11-24,3D,0,0,,0,0,0,0,"Synthetic outcome generated for model development and pipeline testing only; not a legal, statutory, or empirical real-world benchmark."
SYN-00047,NORMAL,11,2025-11-22,2026-09-18,3D,0,0,,0,0,0,1,"Synthetic outcome generated for model development and pipeline testing only; not a legal, statutory, or empirical real-world benchmark."
SYN-00048,RNR_DELAY,9,2020-12-02,2021-07-30,3D,1,115,125.0,1,2,3,0,"Synthetic outcome generated for model development and pipeline testing only; not a legal, statutory, or empirical real-world benchmark."
SYN-00049,COMPENSATION_DELAY,12,2022-02-20,2023-01-16,3D,1,149,181.0,1,2,3,0,"Synthetic outcome generated for model development and pipeline testing only; not a legal, statutory, or empirical real-world benchmark."
SYN-00050,MULTI_FACTOR_DELAY,12,2019-10-07,2020-09-01,3A,1,231,99.0,1,2,3,1,"Synthetic outcome generated for model development and pipeline testing only; not a legal, statutory, or empirical real-world benchmark."
SYN-00051,NORMAL,10,2023-05-26,2024-02-20,3D,0,0,,0,0,0,0,"Synthetic outcome generated for model development and pipeline testing only; not a legal, statutory, or empirical real-world benchmark."
SYN-00052,MULTI_FACTOR_DELAY,12,2022-07-01,2023-05-27,3A,1,110,220.0,1,2,3,0,"Synthetic outcome generated for model development and pipeline testing only; not a legal, statutory, or empirical real-world benchmark."
SYN-00053,NORMAL,15,2022-02-06,2023-04-02,3D,0,0,,0,0,0,0,"Synthetic outcome generated for model development and pipeline testing only; not a legal, statutory, or empirical real-world benchmark."
SYN-00054,ADMINISTRATIVE_BOTTLENECK,13,2025-01-05,2025-12-31,3D,0,0,,0,0,0,1,"Synthetic outcome generated for model development and pipeline testing only; not a legal, statutory, or empirical real-world benchmark."
SYN-00055,NORMAL,8,2019-03-29,2019-10-25,3D,0,0,,0,0,0,1,"Synthetic outcome generated for model development and pipeline testing only; not a legal, statutory, or empirical real-world benchmark."
SYN-00056,NORMAL,14,2023-11-15,2024-12-09,3D,1,187,203.0,1,2,3,0,"Synthetic outcome generated for model development and pipeline testing only; not a legal, statutory, or empirical real-world benchmark."
SYN-00057,LEGAL_DELAY,9,2019-07-05,2020-03-01,3D,1,106,134.0,1,2,3,1,"Synthetic outcome generated for model development and pipeline testing only; not a legal, statutory, or empirical real-world benchmark."
SYN-00058,NORMAL,9,2020-12-07,2021-08-04,3D,0,0,,0,0,0,0,"Synthetic outcome generated for model development and pipeline testing only; not a legal, statutory, or empirical real-world benchmark."
SYN-00059,NORMAL,15,2021-04-03,2022-05-28,3D,0,0,,0,0,0,0,"Synthetic outcome generated for model development and pipeline testing only; not a legal, statutory, or empirical real-world benchmark."
SYN-00060,NORMAL,15,2023-01-05,2024-02-29,3D,0,0,,0,0,0,1,"Synthetic outcome generated for model development and pipeline testing only; not a legal, statutory, or empirical real-world benchmark."
SYN-00061,RNR_DELAY,14,2025-02-13,2026-03-10,3D,1,117,273.0,1,2,3,0,"Synthetic outcome generated for model development and pipeline testing only; not a legal, statutory, or empirical real-world benchmark."
SYN-00062,NORMAL,14,2024-09-17,2025-10-12,3D,0,0,,0,0,0,0,"Synthetic outcome generated for model development and pipeline testing only; not a legal, statutory, or empirical real-world benchmark."
SYN-00063,NORMAL,15,2023-07-07,2024-08-30,3D,1,201,219.0,1,2,3,0,"Synthetic outcome generated for model development and pipeline testing only; not a legal, statutory, or empirical real-world benchmark."
SYN-00064,NORMAL,14,2024-07-22,2025-08-16,3D,0,0,,0,0,0,0,"Synthetic outcome generated for model development and pipeline testing only; not a legal, statutory, or empirical real-world benchmark."
SYN-00065,NORMAL,10,2021-04-07,2022-01-02,3D,0,0,,0,0,0,0,"Synthetic outcome generated for model development and pipeline testing only; not a legal, statutory, or empirical real-world benchmark."
SYN-00066,MULTI_FACTOR_DELAY,14,2019-08-25,2020-09-18,3A,1,193,197.0,1,2,3,0,"Synthetic outcome generated for model development and pipeline testing only; not a legal, statutory, or empirical real-world benchmark."
SYN-00067,MULTI_FACTOR_DELAY,8,2025-05-23,2025-12-19,3A,1,105,105.0,1,2,3,0,"Synthetic outcome generated for model development and pipeline testing only; not a legal, statutory, or empirical real-world benchmark."
SYN-00068,NORMAL,14,2025-10-20,2026-11-14,3D,0,0,,0,0,0,1,"Synthetic outcome generated for model development and pipeline testing only; not a legal, statutory, or empirical real-world benchmark."
SYN-00069,NORMAL,8,2022-10-06,2023-05-04,3D,0,0,,0,0,0,1,"Synthetic outcome generated for model development and pipeline testing only; not a legal, statutory, or empirical real-world benchmark."
SYN-00070,NORMAL,8,2019-12-21,2020-07-18,3D,0,0,,0,0,0,0,"Synthetic outcome generated for model development and pipeline testing only; not a legal, statutory, or empirical real-world benchmark."
SYN-00071,MULTI_FACTOR_DELAY,13,2022-10-19,2023-10-14,3A,1,224,136.0,1,2,3,1,"Synthetic outcome generated for model development and pipeline testing only; not a legal, statutory, or empirical real-world benchmark."
SYN-00072,MULTI_FACTOR_DELAY,8,2024-11-17,2025-06-15,3A,1,62,148.0,1,2,3,0,"Synthetic outcome generated for model development and pipeline testing only; not a legal, statutory, or empirical real-world benchmark."
SYN-00073,NORMAL,10,2023-11-17,2024-08-13,3D,0,0,,0,0,0,0,"Synthetic outcome generated for model development and pipeline testing only; not a legal, statutory, or empirical real-world benchmark."
SYN-00074,COMPENSATION_DELAY,10,2020-04-06,2021-01-01,3D,1,120,150.0,1,2,3,1,"Synthetic outcome generated for model development and pipeline testing only; not a legal, statutory, or empirical real-world benchmark."
SYN-00075,NORMAL,8,2025-08-12,2026-03-10,3D,0,0,,0,0,0,0,"Synthetic outcome generated for model development and pipeline testing only; not a legal, statutory, or empirical real-world benchmark."
SYN-00076,DOCUMENTATION_DELAY,8,2021-01-02,2021-07-31,3D,1,35,175.0,1,2,3,0,"Synthetic outcome generated for model development and pipeline testing only; not a legal, statutory, or empirical real-world benchmark."
SYN-00077,MULTI_FACTOR_DELAY,10,2019-05-09,2020-02-03,3A,0,0,,0,0,0,0,"Synthetic outcome generated for model development and pipeline testing only; not a legal, statutory, or empirical real-world benchmark."
SYN-00078,NORMAL,8,2020-07-10,2021-02-05,3D,0,0,,0,0,0,0,"Synthetic outcome generated for model development and pipeline testing only; not a legal, statutory, or empirical real-world benchmark."
SYN-00079,ADMINISTRATIVE_BOTTLENECK,13,2021-07-05,2022-06-30,3D,1,54,306.0,1,2,3,0,"Synthetic outcome generated for model development and pipeline testing only; not a legal, statutory, or empirical real-world benchmark."
SYN-00080,NORMAL,13,2022-05-25,2023-05-20,3D,0,0,,0,0,0,0,"Synthetic outcome generated for model development and pipeline testing only; not a legal, statutory, or empirical real-world benchmark."
SYN-00081,NORMAL,15,2025-07-18,2026-09-11,3D,1,204,216.0,1,2,3,0,"Synthetic outcome generated for model development and pipeline testing only; not a legal, statutory, or empirical real-world benchmark."
SYN-00082,NORMAL,8,2024-05-30,2024-12-26,3D,0,0,,0,0,0,1,"Synthetic outcome generated for model development and pipeline testing only; not a legal, statutory, or empirical real-world benchmark."
SYN-00083,LEGAL_DELAY,12,2024-06-28,2025-05-24,3D,1,201,129.0,1,2,3,0,"Synthetic outcome generated for model development and pipeline testing only; not a legal, statutory, or empirical real-world benchmark."
SYN-00084,NORMAL,13,2020-12-24,2021-12-19,3D,0,0,,0,0,0,0,"Synthetic outcome generated for model development and pipeline testing only; not a legal, statutory, or empirical real-world benchmark."
SYN-00085,LEGAL_DELAY,13,2025-09-23,2026-09-18,3D,1,185,175.0,1,2,3,0,"Synthetic outcome generated for model development and pipeline testing only; not a legal, statutory, or empirical real-world benchmark."
SYN-00086,NORMAL,8,2020-09-02,2021-03-31,3D,0,0,,0,0,0,1,"Synthetic outcome generated for model development and pipeline testing only; not a legal, statutory, or empirical real-world benchmark."
SYN-00087,COMPENSATION_DELAY,15,2020-10-09,2021-12-03,3D,1,320,100.0,1,2,3,0,"Synthetic outcome generated for model development and pipeline testing only; not a legal, statutory, or empirical real-world benchmark."
SYN-00088,MULTI_FACTOR_DELAY,9,2023-03-04,2023-10-30,3A,1,62,178.0,1,2,3,0,"Synthetic outcome generated for model development and pipeline testing only; not a legal, statutory, or empirical real-world benchmark."
SYN-00089,NORMAL,10,2025-09-24,2026-06-21,3D,0,0,,0,0,0,1,"Synthetic outcome generated for model development and pipeline testing only; not a legal, statutory, or empirical real-world benchmark."
SYN-00090,COMPENSATION_DELAY,13,2023-05-10,2024-05-04,3D,0,0,,0,0,0,1,"Synthetic outcome generated for model development and pipeline testing only; not a legal, statutory, or empirical real-world benchmark."
SYN-00091,RECOVERY,10,2021-07-23,2022-04-19,3D,0,0,,0,0,0,1,"Synthetic outcome generated for model development and pipeline testing only; not a legal, statutory, or empirical real-world benchmark."
SYN-00092,ADMINISTRATIVE_BOTTLENECK,11,2024-11-29,2025-09-25,3D,1,146,154.0,1,2,3,1,"Synthetic outcome generated for model development and pipeline testing only; not a legal, statutory, or empirical real-world benchmark."
SYN-00093,DOCUMENTATION_DELAY,14,2024-11-12,2025-12-07,3D,0,0,,0,0,0,0,"Synthetic outcome generated for model development and pipeline testing only; not a legal, statutory, or empirical real-world benchmark."
SYN-00094,MULTI_FACTOR_DELAY,9,2021-04-25,2021-12-21,3A,1,138,102.0,1,2,3,0,"Synthetic outcome generated for model development and pipeline testing only; not a legal, statutory, or empirical real-world benchmark."
SYN-00095,ADMINISTRATIVE_BOTTLENECK,15,2022-06-28,2023-08-22,3D,1,181,239.0,1,2,3,0,"Synthetic outcome generated for model development and pipeline testing only; not a legal, statutory, or empirical real-world benchmark."
SYN-00096,NORMAL,13,2023-06-30,2024-06-24,3D,0,0,,0,0,0,0,"Synthetic outcome generated for model development and pipeline testing only; not a legal, statutory, or empirical real-world benchmark."
SYN-00097,RNR_DELAY,8,2021-07-02,2022-01-28,3D,1,144,66.0,1,2,3,0,"Synthetic outcome generated for model development and pipeline testing only; not a legal, statutory, or empirical real-world benchmark."
SYN-00098,COMPENSATION_DELAY,11,2025-03-09,2026-01-03,3D,1,218,82.0,1,2,3,1,"Synthetic outcome generated for model development and pipeline testing only; not a legal, statutory, or empirical real-world benchmark."
SYN-00099,COMPENSATION_DELAY,11,2023-03-07,2024-01-01,3D,1,59,241.0,1,2,3,1,"Synthetic outcome generated for model development and pipeline testing only; not a legal, statutory, or empirical real-world benchmark."
SYN-00100,MULTI_FACTOR_DELAY,14,2025-03-07,2026-04-01,3A,0,0,,0,0,0,0,"Synthetic outcome generated for model development and pipeline testing only; not a legal, statutory, or empirical real-world benchmark."
SYN-00101,MULTI_FACTOR_DELAY,9,2020-09-28,2021-05-26,3A,1,83,157.0,1,2,3,1,"Synthetic outcome generated for model development and pipeline testing only; not a legal, statutory, or empirical real-world benchmark."
SYN-00102,LEGAL_DELAY,12,2020-07-27,2021-06-22,3D,1,108,222.0,1,2,3,0,"Synthetic outcome generated for model development and pipeline testing only; not a legal, statutory, or empirical real-world benchmark."
SYN-00103,NORMAL,8,2024-10-08,2025-05-06,3D,0,0,,0,0,0,0,"Synthetic outcome generated for model development and pipeline testing only; not a legal, statutory, or empirical real-world benchmark."
SYN-00104,RECOVERY,10,2020-07-01,2021-03-28,3D,1,109,161.0,1,2,3,0,"Synthetic outcome generated for model development and pipeline testing only; not a legal, statutory, or empirical real-world benchmark."
SYN-00105,LEGAL_DELAY,12,2025-12-30,2026-11-25,3D,1,168,162.0,1,2,3,1,"Synthetic outcome generated for model development and pipeline testing only; not a legal, statutory, or empirical real-world benchmark."
SYN-00106,NORMAL,11,2025-04-16,2026-02-10,3D,0,0,,0,0,0,0,"Synthetic outcome generated for model development and pipeline testing only; not a legal, statutory, or empirical real-world benchmark."
SYN-00107,DOCUMENTATION_DELAY,13,2024-05-02,2025-04-27,3D,0,0,,0,0,0,0,"Synthetic outcome generated for model development and pipeline testing only; not a legal, statutory, or empirical real-world benchmark."
SYN-00108,LEGAL_DELAY,9,2020-09-23,2021-05-21,3D,0,0,,0,0,0,0,"Synthetic outcome generated for model development and pipeline testing only; not a legal, statutory, or empirical real-world benchmark."
SYN-00109,DOCUMENTATION_DELAY,14,2025-09-06,2026-10-01,3D,0,0,,0,0,0,0,"Synthetic outcome generated for model development and pipeline testing only; not a legal, statutory, or empirical real-world benchmark."
SYN-00110,NORMAL,13,2021-07-05,2022-06-30,3D,0,0,,0,0,0,0,"Synthetic outcome generated for model development and pipeline testing only; not a legal, statutory, or empirical real-world benchmark."
SYN-00111,NORMAL,15,2023-07-12,2024-09-04,3D,0,0,,0,0,0,0,"Synthetic outcome generated for model development and pipeline testing only; not a legal, statutory, or empirical real-world benchmark."
SYN-00112,MULTI_FACTOR_DELAY,14,2022-01-12,2023-02-06,3A,1,117,273.0,1,2,3,0,"Synthetic outcome generated for model development and pipeline testing only; not a legal, statutory, or empirical real-world benchmark."
SYN-00113,NORMAL,14,2025-03-27,2026-04-21,3D,0,0,,0,0,0,0,"Synthetic outcome generated for model development and pipeline testing only; not a legal, statutory, or empirical real-world benchmark."
SYN-00114,COMPENSATION_DELAY,12,2025-11-21,2026-10-17,3D,0,0,,0,0,0,0,"Synthetic outcome generated for model development and pipeline testing only; not a legal, statutory, or empirical real-world benchmark."
SYN-00115,NORMAL,11,2023-03-27,2024-01-21,3D,0,0,,0,0,0,0,"Synthetic outcome generated for model development and pipeline testing only; not a legal, statutory, or empirical real-world benchmark."
SYN-00116,MULTI_FACTOR_DELAY,8,2019-08-04,2020-03-01,3A,1,125,85.0,1,2,3,0,"Synthetic outcome generated for model development and pipeline testing only; not a legal, statutory, or empirical real-world benchmark."
SYN-00117,RECOVERY,14,2023-01-16,2024-02-10,3D,1,109,281.0,1,2,3,0,"Synthetic outcome generated for model development and pipeline testing only; not a legal, statutory, or empirical real-world benchmark."
SYN-00118,RECOVERY,13,2020-01-10,2021-01-04,3D,0,0,,0,0,0,1,"Synthetic outcome generated for model development and pipeline testing only; not a legal, statutory, or empirical real-world benchmark."
SYN-00119,NORMAL,11,2020-11-30,2021-09-26,3D,0,0,,0,0,0,1,"Synthetic outcome generated for model development and pipeline testing only; not a legal, statutory, or empirical real-world benchmark."
SYN-00120,NORMAL,11,2024-06-05,2025-04-01,3D,0,0,,0,0,0,1,"Synthetic outcome generated for model development and pipeline testing only; not a legal, statutory, or empirical real-world benchmark."
SYN-00121,NORMAL,15,2024-03-08,2025-05-02,3D,0,0,,0,0,0,0,"Synthetic outcome generated for model development and pipeline testing only; not a legal, statutory, or empirical real-world benchmark."
SYN-00122,DOCUMENTATION_DELAY,10,2020-08-21,2021-05-18,3D,1,119,151.0,1,2,3,0,"Synthetic outcome generated for model development and pipeline testing only; not a legal, statutory, or empirical real-world benchmark."
SYN-00123,RNR_DELAY,13,2019-10-20,2020-10-14,3D,1,252,108.0,1,2,3,0,"Synthetic outcome generated for model development and pipeline testing only; not a legal, statutory, or empirical real-world benchmark."
SYN-00124,MULTI_FACTOR_DELAY,12,2023-03-02,2024-01-26,3A,1,107,223.0,1,2,3,0,"Synthetic outcome generated for model development and pipeline testing only; not a legal, statutory, or empirical real-world benchmark."
SYN-00125,ADMINISTRATIVE_BOTTLENECK,10,2024-02-02,2024-10-29,3D,1,161,109.0,1,2,3,0,"Synthetic outcome generated for model development and pipeline testing only; not a legal, statutory, or empirical real-world benchmark."
SYN-00126,RNR_DELAY,10,2025-05-22,2026-02-16,3D,1,164,106.0,1,2,3,0,"Synthetic outcome generated for model development and pipeline testing only; not a legal, statutory, or empirical real-world benchmark."
SYN-00127,ADMINISTRATIVE_BOTTLENECK,14,2019-11-17,2020-12-11,3D,0,0,,0,0,0,0,"Synthetic outcome generated for model development and pipeline testing only; not a legal, statutory, or empirical real-world benchmark."
SYN-00128,RNR_DELAY,8,2023-05-11,2023-12-07,3D,0,0,,0,0,0,1,"Synthetic outcome generated for model development and pipeline testing only; not a legal, statutory, or empirical real-world benchmark."
SYN-00129,ADMINISTRATIVE_BOTTLENECK,13,2020-02-02,2021-01-27,3D,1,146,214.0,1,2,3,1,"Synthetic outcome generated for model development and pipeline testing only; not a legal, statutory, or empirical real-world benchmark."
SYN-00130,NORMAL,10,2025-02-02,2025-10-30,3D,0,0,,0,0,0,1,"Synthetic outcome generated for model development and pipeline testing only; not a legal, statutory, or empirical real-world benchmark."
SYN-00131,COMPENSATION_DELAY,13,2019-07-31,2020-07-25,3D,1,214,146.0,1,2,3,0,"Synthetic outcome generated for model development and pipeline testing only; not a legal, statutory, or empirical real-world benchmark."
SYN-00132,RECOVERY,12,2022-02-19,2023-01-15,3D,0,0,,0,0,0,0,"Synthetic outcome generated for model development and pipeline testing only; not a legal, statutory, or empirical real-world benchmark."
SYN-00133,NORMAL,14,2019-03-10,2020-04-03,3D,0,0,,0,0,0,1,"Synthetic outcome generated for model development and pipeline testing only; not a legal, statutory, or empirical real-world benchmark."
SYN-00134,MULTI_FACTOR_DELAY,15,2019-08-20,2020-10-13,3A,1,292,128.0,1,2,3,1,"Synthetic outcome generated for model development and pipeline testing only; not a legal, statutory, or empirical real-world benchmark."
SYN-00135,ADMINISTRATIVE_BOTTLENECK,11,2025-07-23,2026-05-19,3D,1,183,117.0,1,2,3,1,"Synthetic outcome generated for model development and pipeline testing only; not a legal, statutory, or empirical real-world benchmark."
SYN-00136,NORMAL,13,2023-07-03,2024-06-27,3D,0,0,,0,0,0,0,"Synthetic outcome generated for model development and pipeline testing only; not a legal, statutory, or empirical real-world benchmark."
SYN-00137,MULTI_FACTOR_DELAY,11,2022-09-21,2023-07-18,3A,1,115,185.0,1,2,3,1,"Synthetic outcome generated for model development and pipeline testing only; not a legal, statutory, or empirical real-world benchmark."
SYN-00138,NORMAL,10,2020-07-22,2021-04-18,3D,0,0,,0,0,0,0,"Synthetic outcome generated for model development and pipeline testing only; not a legal, statutory, or empirical real-world benchmark."
SYN-00139,MULTI_FACTOR_DELAY,13,2024-03-27,2025-03-22,3A,1,100,260.0,1,2,3,0,"Synthetic outcome generated for model development and pipeline testing only; not a legal, statutory, or empirical real-world benchmark."
SYN-00140,COMPENSATION_DELAY,14,2021-12-15,2023-01-09,3D,1,88,302.0,1,2,3,1,"Synthetic outcome generated for model development and pipeline testing only; not a legal, statutory, or empirical real-world benchmark."
SYN-00141,NORMAL,11,2024-03-25,2025-01-19,3D,0,0,,0,0,0,0,"Synthetic outcome generated for model development and pipeline testing only; not a legal, statutory, or empirical real-world benchmark."
SYN-00142,RNR_DELAY,11,2019-02-03,2019-11-30,3D,1,186,114.0,1,2,3,0,"Synthetic outcome generated for model development and pipeline testing only; not a legal, statutory, or empirical real-world benchmark."
SYN-00143,ADMINISTRATIVE_BOTTLENECK,14,2020-06-08,2021-07-03,3D,1,86,304.0,1,2,3,0,"Synthetic outcome generated for model development and pipeline testing only; not a legal, statutory, or empirical real-world benchmark."
SYN-00144,NORMAL,14,2022-03-22,2023-04-16,3D,0,0,,0,0,0,0,"Synthetic outcome generated for model development and pipeline testing only; not a legal, statutory, or empirical real-world benchmark."
SYN-00145,NORMAL,9,2019-03-02,2019-10-28,3D,0,0,,0,0,0,0,"Synthetic outcome generated for model development and pipeline testing only; not a legal, statutory, or empirical real-world benchmark."
SYN-00146,NORMAL,9,2019-04-27,2019-12-23,3D,0,0,,0,0,0,0,"Synthetic outcome generated for model development and pipeline testing only; not a legal, statutory, or empirical real-world benchmark."
SYN-00147,MULTI_FACTOR_DELAY,9,2019-01-28,2019-09-25,3A,1,104,136.0,1,2,3,0,"Synthetic outcome generated for model development and pipeline testing only; not a legal, statutory, or empirical real-world benchmark."
SYN-00148,NORMAL,14,2021-05-26,2022-06-20,3D,1,199,191.0,1,2,3,0,"Synthetic outcome generated for model development and pipeline testing only; not a legal, statutory, or empirical real-world benchmark."
SYN-00149,RECOVERY,11,2022-01-18,2022-11-14,3D,0,0,,0,0,0,0,"Synthetic outcome generated for model development and pipeline testing only; not a legal, statutory, or empirical real-world benchmark."
SYN-00150,NORMAL,11,2020-02-06,2020-12-02,3D,0,0,,0,0,0,0,"Synthetic outcome generated for model development and pipeline testing only; not a legal, statutory, or empirical real-world benchmark."
SYN-00151,MULTI_FACTOR_DELAY,11,2021-02-25,2021-12-22,3A,1,217,83.0,1,2,3,0,"Synthetic outcome generated for model development and pipeline testing only; not a legal, statutory, or empirical real-world benchmark."
SYN-00152,NORMAL,13,2019-07-31,2020-07-25,3D,0,0,,0,0,0,0,"Synthetic outcome generated for model development and pipeline testing only; not a legal, statutory, or empirical real-world benchmark."
SYN-00153,NORMAL,11,2019-06-01,2020-03-27,3D,0,0,,0,0,0,0,"Synthetic outcome generated for model development and pipeline testing only; not a legal, statutory, or empirical real-world benchmark."
SYN-00154,DOCUMENTATION_DELAY,13,2024-01-23,2025-01-17,3D,0,0,,0,0,0,0,"Synthetic outcome generated for model development and pipeline testing only; not a legal, statutory, or empirical real-world benchmark."
SYN-00155,NORMAL,10,2024-04-21,2025-01-16,3D,0,0,,0,0,0,0,"Synthetic outcome generated for model development and pipeline testing only; not a legal, statutory, or empirical real-world benchmark."
SYN-00156,NORMAL,11,2019-02-03,2019-11-30,3D,0,0,,0,0,0,1,"Synthetic outcome generated for model development and pipeline testing only; not a legal, statutory, or empirical real-world benchmark."
SYN-00157,NORMAL,9,2024-09-02,2025-04-30,3D,0,0,,0,0,0,0,"Synthetic outcome generated for model development and pipeline testing only; not a legal, statutory, or empirical real-world benchmark."
SYN-00158,DOCUMENTATION_DELAY,11,2022-11-18,2023-09-14,3D,0,0,,0,0,0,0,"Synthetic outcome generated for model development and pipeline testing only; not a legal, statutory, or empirical real-world benchmark."
SYN-00159,DOCUMENTATION_DELAY,8,2024-03-26,2024-10-22,3D,1,126,84.0,1,2,3,0,"Synthetic outcome generated for model development and pipeline testing only; not a legal, statutory, or empirical real-world benchmark."
SYN-00160,RNR_DELAY,9,2022-09-28,2023-05-26,3D,1,97,143.0,1,2,3,0,"Synthetic outcome generated for model development and pipeline testing only; not a legal, statutory, or empirical real-world benchmark."
SYN-00161,NORMAL,15,2019-11-16,2021-01-09,3D,0,0,,0,0,0,1,"Synthetic outcome generated for model development and pipeline testing only; not a legal, statutory, or empirical real-world benchmark."
SYN-00162,COMPENSATION_DELAY,10,2021-01-08,2021-10-05,3D,0,0,,0,0,0,0,"Synthetic outcome generated for model development and pipeline testing only; not a legal, statutory, or empirical real-world benchmark."
SYN-00163,LEGAL_DELAY,13,2020-11-27,2021-11-22,3D,1,141,219.0,1,2,3,1,"Synthetic outcome generated for model development and pipeline testing only; not a legal, statutory, or empirical real-world benchmark."
SYN-00164,LEGAL_DELAY,10,2021-04-12,2022-01-07,3D,0,0,,0,0,0,1,"Synthetic outcome generated for model development and pipeline testing only; not a legal, statutory, or empirical real-world benchmark."
SYN-00165,COMPENSATION_DELAY,13,2022-01-15,2023-01-10,3D,1,140,220.0,1,2,3,0,"Synthetic outcome generated for model development and pipeline testing only; not a legal, statutory, or empirical real-world benchmark."
SYN-00166,NORMAL,10,2020-05-31,2021-02-25,3D,0,0,,0,0,0,0,"Synthetic outcome generated for model development and pipeline testing only; not a legal, statutory, or empirical real-world benchmark."
SYN-00167,ADMINISTRATIVE_BOTTLENECK,14,2021-06-05,2022-06-30,3D,1,148,242.0,1,2,3,0,"Synthetic outcome generated for model development and pipeline testing only; not a legal, statutory, or empirical real-world benchmark."
SYN-00168,NORMAL,10,2022-05-09,2023-02-03,3D,1,100,170.0,1,2,3,0,"Synthetic outcome generated for model development and pipeline testing only; not a legal, statutory, or empirical real-world benchmark."
SYN-00169,NORMAL,10,2025-01-02,2025-09-29,3D,0,0,,0,0,0,0,"Synthetic outcome generated for model development and pipeline testing only; not a legal, statutory, or empirical real-world benchmark."
SYN-00170,DOCUMENTATION_DELAY,10,2019-07-25,2020-04-20,3D,1,195,75.0,1,2,3,0,"Synthetic outcome generated for model development and pipeline testing only; not a legal, statutory, or empirical real-world benchmark."
SYN-00171,MULTI_FACTOR_DELAY,9,2022-05-04,2022-12-30,3A,1,45,195.0,1,2,3,0,"Synthetic outcome generated for model development and pipeline testing only; not a legal, statutory, or empirical real-world benchmark."
SYN-00172,DOCUMENTATION_DELAY,14,2025-03-30,2026-04-24,3D,0,0,,0,0,0,0,"Synthetic outcome generated for model development and pipeline testing only; not a legal, statutory, or empirical real-world benchmark."
SYN-00173,RECOVERY,14,2020-01-23,2021-02-16,3D,0,0,,0,0,0,0,"Synthetic outcome generated for model development and pipeline testing only; not a legal, statutory, or empirical real-world benchmark."
SYN-00174,RECOVERY,10,2022-02-20,2022-11-17,3D,0,0,,0,0,0,0,"Synthetic outcome generated for model development and pipeline testing only; not a legal, statutory, or empirical real-world benchmark."
SYN-00175,NORMAL,11,2021-08-13,2022-06-09,3D,0,0,,0,0,0,1,"Synthetic outcome generated for model development and pipeline testing only; not a legal, statutory, or empirical real-world benchmark."
SYN-00176,NORMAL,12,2025-03-24,2026-02-17,3D,0,0,,0,0,0,0,"Synthetic outcome generated for model development and pipeline testing only; not a legal, statutory, or empirical real-world benchmark."
SYN-00177,NORMAL,8,2025-07-30,2026-02-25,3D,1,121,89.0,1,2,3,0,"Synthetic outcome generated for model development and pipeline testing only; not a legal, statutory, or empirical real-world benchmark."
SYN-00178,MULTI_FACTOR_DELAY,8,2024-10-06,2025-05-04,3A,1,121,89.0,1,2,3,0,"Synthetic outcome generated for model development and pipeline testing only; not a legal, statutory, or empirical real-world benchmark."
SYN-00179,NORMAL,15,2019-06-20,2020-08-13,3D,0,0,,0,0,0,0,"Synthetic outcome generated for model development and pipeline testing only; not a legal, statutory, or empirical real-world benchmark."
SYN-00180,DOCUMENTATION_DELAY,15,2025-11-19,2027-01-13,3D,1,152,268.0,1,2,3,1,"Synthetic outcome generated for model development and pipeline testing only; not a legal, statutory, or empirical real-world benchmark."
SYN-00181,RECOVERY,15,2020-09-13,2021-11-07,3D,1,169,251.0,1,2,3,0,"Synthetic outcome generated for model development and pipeline testing only; not a legal, statutory, or empirical real-world benchmark."
SYN-00182,NORMAL,14,2023-07-18,2024-08-11,3D,0,0,,0,0,0,1,"Synthetic outcome generated for model development and pipeline testing only; not a legal, statutory, or empirical real-world benchmark."
SYN-00183,NORMAL,10,2020-08-20,2021-05-17,3D,0,0,,0,0,0,0,"Synthetic outcome generated for model development and pipeline testing only; not a legal, statutory, or empirical real-world benchmark."
SYN-00184,NORMAL,13,2025-08-27,2026-08-22,3D,0,0,,0,0,0,1,"Synthetic outcome generated for model development and pipeline testing only; not a legal, statutory, or empirical real-world benchmark."
SYN-00185,NORMAL,9,2024-12-30,2025-08-27,3D,0,0,,0,0,0,0,"Synthetic outcome generated for model development and pipeline testing only; not a legal, statutory, or empirical real-world benchmark."
SYN-00186,DOCUMENTATION_DELAY,12,2019-08-19,2020-07-14,3D,1,66,264.0,1,2,3,0,"Synthetic outcome generated for model development and pipeline testing only; not a legal, statutory, or empirical real-world benchmark."
SYN-00187,DOCUMENTATION_DELAY,12,2024-11-05,2025-10-01,3D,0,0,,0,0,0,1,"Synthetic outcome generated for model development and pipeline testing only; not a legal, statutory, or empirical real-world benchmark."
SYN-00188,MULTI_FACTOR_DELAY,14,2025-01-19,2026-02-13,3A,1,159,231.0,1,2,3,0,"Synthetic outcome generated for model development and pipeline testing only; not a legal, statutory, or empirical real-world benchmark."
SYN-00189,NORMAL,10,2020-01-28,2020-10-24,3D,0,0,,0,0,0,1,"Synthetic outcome generated for model development and pipeline testing only; not a legal, statutory, or empirical real-world benchmark."
SYN-00190,LEGAL_DELAY,13,2021-10-17,2022-10-12,3D,1,253,107.0,1,2,3,1,"Synthetic outcome generated for model development and pipeline testing only; not a legal, statutory, or empirical real-world benchmark."
SYN-00191,DOCUMENTATION_DELAY,15,2021-12-25,2023-02-18,3D,1,235,185.0,1,2,3,0,"Synthetic outcome generated for model development and pipeline testing only; not a legal, statutory, or empirical real-world benchmark."
SYN-00192,COMPENSATION_DELAY,11,2024-04-30,2025-02-24,3D,1,126,174.0,1,2,3,0,"Synthetic outcome generated for model development and pipeline testing only; not a legal, statutory, or empirical real-world benchmark."
SYN-00193,DOCUMENTATION_DELAY,10,2020-11-16,2021-08-13,3D,1,100,170.0,1,2,3,0,"Synthetic outcome generated for model development and pipeline testing only; not a legal, statutory, or empirical real-world benchmark."
SYN-00194,NORMAL,9,2021-10-04,2022-06-01,3D,0,0,,0,0,0,0,"Synthetic outcome generated for model development and pipeline testing only; not a legal, statutory, or empirical real-world benchmark."
SYN-00195,RNR_DELAY,15,2020-02-21,2021-04-16,3D,1,325,95.0,1,2,3,1,"Synthetic outcome generated for model development and pipeline testing only; not a legal, statutory, or empirical real-world benchmark."
SYN-00196,NORMAL,12,2022-04-30,2023-03-26,3D,0,0,,0,0,0,1,"Synthetic outcome generated for model development and pipeline testing only; not a legal, statutory, or empirical real-world benchmark."
SYN-00197,DOCUMENTATION_DELAY,14,2025-04-22,2026-05-17,3D,1,146,244.0,1,2,3,0,"Synthetic outcome generated for model development and pipeline testing only; not a legal, statutory, or empirical real-world benchmark."
SYN-00198,RECOVERY,14,2023-08-07,2024-08-31,3D,1,42,348.0,1,2,3,0,"Synthetic outcome generated for model development and pipeline testing only; not a legal, statutory, or empirical real-world benchmark."
SYN-00199,ADMINISTRATIVE_BOTTLENECK,12,2024-04-07,2025-03-03,3D,0,0,,0,0,0,0,"Synthetic outcome generated for model development and pipeline testing only; not a legal, statutory, or empirical real-world benchmark."
SYN-00200,NORMAL,15,2019-06-16,2020-08-09,3D,0,0,,0,0,0,0,"Synthetic outcome generated for model development and pipeline testing only; not a legal, statutory, or empirical real-world benchmark."
SYN-00201,RNR_DELAY,11,2022-02-14,2022-12-11,3D,1,150,150.0,1,2,3,0,"Synthetic outcome generated for model development and pipeline testing only; not a legal, statutory, or empirical real-world benchmark."
SYN-00202,DOCUMENTATION_DELAY,15,2024-10-21,2025-12-15,3D,1,81,339.0,1,2,3,0,"Synthetic outcome generated for model development and pipeline testing only; not a legal, statutory, or empirical real-world benchmark."
SYN-00203,NORMAL,10,2020-08-26,2021-05-23,3D,0,0,,0,0,0,1,"Synthetic outcome generated for model development and pipeline testing only; not a legal, statutory, or empirical real-world benchmark."
SYN-00204,MULTI_FACTOR_DELAY,9,2021-08-07,2022-04-04,3A,1,96,144.0,1,2,3,0,"Synthetic outcome generated for model development and pipeline testing only; not a legal, statutory, or empirical real-world benchmark."
SYN-00205,NORMAL,8,2020-12-17,2021-07-15,3D,0,0,,0,0,0,1,"Synthetic outcome generated for model development and pipeline testing only; not a legal, statutory, or empirical real-world benchmark."
SYN-00206,NORMAL,8,2024-12-02,2025-06-30,3D,1,73,137.0,1,2,3,0,"Synthetic outcome generated for model development and pipeline testing only; not a legal, statutory, or empirical real-world benchmark."
SYN-00207,COMPENSATION_DELAY,13,2021-04-13,2022-04-08,3D,1,218,142.0,1,2,3,0,"Synthetic outcome generated for model development and pipeline testing only; not a legal, statutory, or empirical real-world benchmark."
SYN-00208,NORMAL,14,2021-06-02,2022-06-27,3D,0,0,,0,0,0,1,"Synthetic outcome generated for model development and pipeline testing only; not a legal, statutory, or empirical real-world benchmark."
SYN-00209,NORMAL,8,2023-03-11,2023-10-07,3D,0,0,,0,0,0,1,"Synthetic outcome generated for model development and pipeline testing only; not a legal, statutory, or empirical real-world benchmark."
SYN-00210,NORMAL,11,2020-11-25,2021-09-21,3D,0,0,,0,0,0,0,"Synthetic outcome generated for model development and pipeline testing only; not a legal, statutory, or empirical real-world benchmark."
SYN-00211,NORMAL,8,2019-10-13,2020-05-10,3D,0,0,,0,0,0,0,"Synthetic outcome generated for model development and pipeline testing only; not a legal, statutory, or empirical real-world benchmark."
SYN-00212,RNR_DELAY,8,2022-06-04,2022-12-31,3D,1,97,113.0,1,2,3,0,"Synthetic outcome generated for model development and pipeline testing only; not a legal, statutory, or empirical real-world benchmark."
SYN-00213,LEGAL_DELAY,10,2024-05-12,2025-02-06,3D,1,153,117.0,1,2,3,1,"Synthetic outcome generated for model development and pipeline testing only; not a legal, statutory, or empirical real-world benchmark."
SYN-00214,MULTI_FACTOR_DELAY,8,2021-04-25,2021-11-21,3A,1,114,96.0,1,2,3,0,"Synthetic outcome generated for model development and pipeline testing only; not a legal, statutory, or empirical real-world benchmark."
SYN-00215,MULTI_FACTOR_DELAY,10,2024-03-31,2024-12-26,3A,1,92,178.0,1,2,3,0,"Synthetic outcome generated for model development and pipeline testing only; not a legal, statutory, or empirical real-world benchmark."
SYN-00216,NORMAL,15,2020-12-22,2022-02-15,3D,1,212,208.0,1,2,3,1,"Synthetic outcome generated for model development and pipeline testing only; not a legal, statutory, or empirical real-world benchmark."
SYN-00217,NORMAL,14,2019-02-17,2020-03-13,3D,0,0,,0,0,0,0,"Synthetic outcome generated for model development and pipeline testing only; not a legal, statutory, or empirical real-world benchmark."
SYN-00218,NORMAL,13,2023-10-25,2024-10-19,3D,0,0,,0,0,0,0,"Synthetic outcome generated for model development and pipeline testing only; not a legal, statutory, or empirical real-world benchmark."
SYN-00219,NORMAL,12,2024-03-23,2025-02-16,3D,0,0,,0,0,0,1,"Synthetic outcome generated for model development and pipeline testing only; not a legal, statutory, or empirical real-world benchmark."
SYN-00220,COMPENSATION_DELAY,15,2022-01-06,2023-03-02,3D,1,93,327.0,1,2,3,0,"Synthetic outcome generated for model development and pipeline testing only; not a legal, statutory, or empirical real-world benchmark."
SYN-00221,NORMAL,9,2021-03-28,2021-11-23,3D,0,0,,0,0,0,0,"Synthetic outcome generated for model development and pipeline testing only; not a legal, statutory, or empirical real-world benchmark."
SYN-00222,NORMAL,14,2024-03-14,2025-04-08,3D,0,0,,0,0,0,0,"Synthetic outcome generated for model development and pipeline testing only; not a legal, statutory, or empirical real-world benchmark."
SYN-00223,NORMAL,12,2025-05-06,2026-04-01,3D,0,0,,0,0,0,1,"Synthetic outcome generated for model development and pipeline testing only; not a legal, statutory, or empirical real-world benchmark."
SYN-00224,NORMAL,12,2020-07-13,2021-06-08,3D,0,0,,0,0,0,0,"Synthetic outcome generated for model development and pipeline testing only; not a legal, statutory, or empirical real-world benchmark."
SYN-00225,NORMAL,11,2024-05-02,2025-02-26,3D,0,0,,0,0,0,0,"Synthetic outcome generated for model development and pipeline testing only; not a legal, statutory, or empirical real-world benchmark."
SYN-00226,ADMINISTRATIVE_BOTTLENECK,13,2022-12-13,2023-12-08,3D,0,0,,0,0,0,0,"Synthetic outcome generated for model development and pipeline testing only; not a legal, statutory, or empirical real-world benchmark."
SYN-00227,RNR_DELAY,8,2023-07-23,2024-02-18,3D,0,0,,0,0,0,1,"Synthetic outcome generated for model development and pipeline testing only; not a legal, statutory, or empirical real-world benchmark."
SYN-00228,NORMAL,11,2023-01-23,2023-11-19,3D,0,0,,0,0,0,0,"Synthetic outcome generated for model development and pipeline testing only; not a legal, statutory, or empirical real-world benchmark."
SYN-00229,RECOVERY,9,2021-08-18,2022-04-15,3D,1,146,94.0,1,2,3,0,"Synthetic outcome generated for model development and pipeline testing only; not a legal, statutory, or empirical real-world benchmark."
SYN-00230,RNR_DELAY,9,2020-03-11,2020-11-06,3D,1,136,104.0,1,2,3,0,"Synthetic outcome generated for model development and pipeline testing only; not a legal, statutory, or empirical real-world benchmark."
SYN-00231,DOCUMENTATION_DELAY,15,2020-04-02,2021-05-27,3D,0,0,,0,0,0,0,"Synthetic outcome generated for model development and pipeline testing only; not a legal, statutory, or empirical real-world benchmark."
SYN-00232,NORMAL,13,2025-08-05,2026-07-31,3D,0,0,,0,0,0,0,"Synthetic outcome generated for model development and pipeline testing only; not a legal, statutory, or empirical real-world benchmark."
SYN-00233,ADMINISTRATIVE_BOTTLENECK,9,2023-03-28,2023-11-23,3D,1,133,107.0,1,2,3,0,"Synthetic outcome generated for model development and pipeline testing only; not a legal, statutory, or empirical real-world benchmark."
SYN-00234,NORMAL,14,2024-02-26,2025-03-22,3D,0,0,,0,0,0,1,"Synthetic outcome generated for model development and pipeline testing only; not a legal, statutory, or empirical real-world benchmark."
SYN-00235,NORMAL,15,2025-05-05,2026-06-29,3D,0,0,,0,0,0,0,"Synthetic outcome generated for model development and pipeline testing only; not a legal, statutory, or empirical real-world benchmark."
SYN-00236,LEGAL_DELAY,13,2024-08-24,2025-08-19,3D,1,77,283.0,1,2,3,0,"Synthetic outcome generated for model development and pipeline testing only; not a legal, statutory, or empirical real-world benchmark."
SYN-00237,NORMAL,12,2025-11-20,2026-10-16,3D,1,73,257.0,1,2,3,0,"Synthetic outcome generated for model development and pipeline testing only; not a legal, statutory, or empirical real-world benchmark."
SYN-00238,RNR_DELAY,14,2020-10-18,2021-11-12,3D,0,0,,0,0,0,0,"Synthetic outcome generated for model development and pipeline testing only; not a legal, statutory, or empirical real-world benchmark."
SYN-00239,NORMAL,11,2025-05-23,2026-03-19,3D,0,0,,0,0,0,0,"Synthetic outcome generated for model development and pipeline testing only; not a legal, statutory, or empirical real-world benchmark."
SYN-00240,MULTI_FACTOR_DELAY,13,2021-07-23,2022-07-18,3A,0,0,,0,0,0,0,"Synthetic outcome generated for model development and pipeline testing only; not a legal, statutory, or empirical real-world benchmark."
SYN-00241,COMPENSATION_DELAY,8,2024-02-06,2024-09-03,3D,0,0,,0,0,0,0,"Synthetic outcome generated for model development and pipeline testing only; not a legal, statutory, or empirical real-world benchmark."
SYN-00242,NORMAL,9,2024-12-01,2025-07-29,3D,1,158,82.0,1,2,3,0,"Synthetic outcome generated for model development and pipeline testing only; not a legal, statutory, or empirical real-world benchmark."
SYN-00243,LEGAL_DELAY,9,2021-07-21,2022-03-18,3D,1,129,111.0,1,2,3,0,"Synthetic outcome generated for model development and pipeline testing only; not a legal, statutory, or empirical real-world benchmark."
SYN-00244,COMPENSATION_DELAY,11,2020-10-30,2021-08-26,3D,0,0,,0,0,0,0,"Synthetic outcome generated for model development and pipeline testing only; not a legal, statutory, or empirical real-world benchmark."
SYN-00245,NORMAL,11,2021-12-25,2022-10-21,3D,0,0,,0,0,0,0,"Synthetic outcome generated for model development and pipeline testing only; not a legal, statutory, or empirical real-world benchmark."
SYN-00246,NORMAL,13,2023-04-29,2024-04-23,3D,0,0,,0,0,0,0,"Synthetic outcome generated for model development and pipeline testing only; not a legal, statutory, or empirical real-world benchmark."
SYN-00247,LEGAL_DELAY,15,2024-08-20,2025-10-14,3D,1,64,356.0,1,2,3,0,"Synthetic outcome generated for model development and pipeline testing only; not a legal, statutory, or empirical real-world benchmark."
SYN-00248,MULTI_FACTOR_DELAY,13,2024-02-04,2025-01-29,3A,1,240,120.0,1,2,3,0,"Synthetic outcome generated for model development and pipeline testing only; not a legal, statutory, or empirical real-world benchmark."
SYN-00249,NORMAL,15,2020-04-08,2021-06-02,3D,0,0,,0,0,0,1,"Synthetic outcome generated for model development and pipeline testing only; not a legal, statutory, or empirical real-world benchmark."
SYN-00250,LEGAL_DELAY,12,2024-05-02,2025-03-28,3D,1,180,150.0,1,2,3,0,"Synthetic outcome generated for model development and pipeline testing only; not a legal, statutory, or empirical real-world benchmark."
SYN-00251,NORMAL,13,2024-12-09,2025-12-04,3D,0,0,,0,0,0,0,"Synthetic outcome generated for model development and pipeline testing only; not a legal, statutory, or empirical real-world benchmark."
SYN-00252,RECOVERY,9,2023-01-11,2023-09-08,3D,0,0,,0,0,0,0,"Synthetic outcome generated for model development and pipeline testing only; not a legal, statutory, or empirical real-world benchmark."
SYN-00253,NORMAL,13,2019-01-16,2020-01-11,3D,0,0,,0,0,0,0,"Synthetic outcome generated for model development and pipeline testing only; not a legal, statutory, or empirical real-world benchmark."
SYN-00254,NORMAL,9,2019-02-10,2019-10-08,3D,0,0,,0,0,0,0,"Synthetic outcome generated for model development and pipeline testing only; not a legal, statutory, or empirical real-world benchmark."
SYN-00255,MULTI_FACTOR_DELAY,13,2021-04-03,2022-03-29,3A,1,183,177.0,1,2,3,1,"Synthetic outcome generated for model development and pipeline testing only; not a legal, statutory, or empirical real-world benchmark."
SYN-00256,NORMAL,11,2025-10-20,2026-08-16,3D,0,0,,0,0,0,1,"Synthetic outcome generated for model development and pipeline testing only; not a legal, statutory, or empirical real-world benchmark."
SYN-00257,NORMAL,12,2022-11-28,2023-10-24,3D,0,0,,0,0,0,0,"Synthetic outcome generated for model development and pipeline testing only; not a legal, statutory, or empirical real-world benchmark."
SYN-00258,DOCUMENTATION_DELAY,9,2020-05-19,2021-01-14,3D,1,141,99.0,1,2,3,0,"Synthetic outcome generated for model development and pipeline testing only; not a legal, statutory, or empirical real-world benchmark."
SYN-00259,NORMAL,11,2021-07-29,2022-05-25,3D,1,169,131.0,1,2,3,0,"Synthetic outcome generated for model development and pipeline testing only; not a legal, statutory, or empirical real-world benchmark."
SYN-00260,DOCUMENTATION_DELAY,15,2025-04-01,2026-05-26,3D,1,145,275.0,1,2,3,1,"Synthetic outcome generated for model development and pipeline testing only; not a legal, statutory, or empirical real-world benchmark."
SYN-00261,ADMINISTRATIVE_BOTTLENECK,8,2023-10-28,2024-05-25,3D,0,0,,0,0,0,0,"Synthetic outcome generated for model development and pipeline testing only; not a legal, statutory, or empirical real-world benchmark."
SYN-00262,NORMAL,12,2021-12-11,2022-11-06,3D,0,0,,0,0,0,0,"Synthetic outcome generated for model development and pipeline testing only; not a legal, statutory, or empirical real-world benchmark."
SYN-00263,NORMAL,10,2019-08-20,2020-05-16,3D,0,0,,0,0,0,0,"Synthetic outcome generated for model development and pipeline testing only; not a legal, statutory, or empirical real-world benchmark."
SYN-00264,DOCUMENTATION_DELAY,15,2023-05-14,2024-07-07,3D,0,0,,0,0,0,0,"Synthetic outcome generated for model development and pipeline testing only; not a legal, statutory, or empirical real-world benchmark."
SYN-00265,DOCUMENTATION_DELAY,11,2025-12-15,2026-10-11,3D,1,195,105.0,1,2,3,0,"Synthetic outcome generated for model development and pipeline testing only; not a legal, statutory, or empirical real-world benchmark."
SYN-00266,NORMAL,14,2021-05-26,2022-06-20,3D,0,0,,0,0,0,0,"Synthetic outcome generated for model development and pipeline testing only; not a legal, statutory, or empirical real-world benchmark."
SYN-00267,ADMINISTRATIVE_BOTTLENECK,13,2023-05-17,2024-05-11,3D,0,0,,0,0,0,1,"Synthetic outcome generated for model development and pipeline testing only; not a legal, statutory, or empirical real-world benchmark."
SYN-00268,MULTI_FACTOR_DELAY,11,2019-06-24,2020-04-19,3A,1,117,183.0,1,2,3,0,"Synthetic outcome generated for model development and pipeline testing only; not a legal, statutory, or empirical real-world benchmark."
SYN-00269,NORMAL,12,2019-04-07,2020-03-02,3D,0,0,,0,0,0,0,"Synthetic outcome generated for model development and pipeline testing only; not a legal, statutory, or empirical real-world benchmark."
SYN-00270,NORMAL,8,2019-08-18,2020-03-15,3D,0,0,,0,0,0,0,"Synthetic outcome generated for model development and pipeline testing only; not a legal, statutory, or empirical real-world benchmark."
SYN-00271,NORMAL,12,2023-10-03,2024-08-28,3D,0,0,,0,0,0,1,"Synthetic outcome generated for model development and pipeline testing only; not a legal, statutory, or empirical real-world benchmark."
SYN-00272,NORMAL,12,2022-03-26,2023-02-19,3D,0,0,,0,0,0,0,"Synthetic outcome generated for model development and pipeline testing only; not a legal, statutory, or empirical real-world benchmark."
SYN-00273,ADMINISTRATIVE_BOTTLENECK,15,2023-07-30,2024-09-22,3D,1,279,141.0,1,2,3,0,"Synthetic outcome generated for model development and pipeline testing only; not a legal, statutory, or empirical real-world benchmark."
SYN-00274,ADMINISTRATIVE_BOTTLENECK,15,2021-07-23,2022-09-16,3D,0,0,,0,0,0,0,"Synthetic outcome generated for model development and pipeline testing only; not a legal, statutory, or empirical real-world benchmark."
SYN-00275,NORMAL,9,2023-09-24,2024-05-21,3D,0,0,,0,0,0,0,"Synthetic outcome generated for model development and pipeline testing only; not a legal, statutory, or empirical real-world benchmark."
SYN-00276,MULTI_FACTOR_DELAY,9,2023-09-13,2024-05-10,3A,1,104,136.0,1,2,3,0,"Synthetic outcome generated for model development and pipeline testing only; not a legal, statutory, or empirical real-world benchmark."
SYN-00277,NORMAL,15,2021-05-28,2022-07-22,3D,0,0,,0,0,0,0,"Synthetic outcome generated for model development and pipeline testing only; not a legal, statutory, or empirical real-world benchmark."
SYN-00278,MULTI_FACTOR_DELAY,8,2023-12-02,2024-06-29,3A,1,51,159.0,1,2,3,0,"Synthetic outcome generated for model development and pipeline testing only; not a legal, statutory, or empirical real-world benchmark."
SYN-00279,NORMAL,12,2023-01-12,2023-12-08,3D,0,0,,0,0,0,0,"Synthetic outcome generated for model development and pipeline testing only; not a legal, statutory, or empirical real-world benchmark."
SYN-00280,ADMINISTRATIVE_BOTTLENECK,15,2020-11-10,2022-01-04,3D,1,180,240.0,1,2,3,1,"Synthetic outcome generated for model development and pipeline testing only; not a legal, statutory, or empirical real-world benchmark."
SYN-00281,RECOVERY,15,2025-12-31,2027-02-24,3D,0,0,,0,0,0,0,"Synthetic outcome generated for model development and pipeline testing only; not a legal, statutory, or empirical real-world benchmark."
SYN-00282,COMPENSATION_DELAY,10,2019-06-21,2020-03-17,3D,1,180,90.0,1,2,3,0,"Synthetic outcome generated for model development and pipeline testing only; not a legal, statutory, or empirical real-world benchmark."
SYN-00283,LEGAL_DELAY,11,2023-12-20,2024-10-15,3D,0,0,,0,0,0,0,"Synthetic outcome generated for model development and pipeline testing only; not a legal, statutory, or empirical real-world benchmark."
SYN-00284,NORMAL,15,2021-05-25,2022-07-19,3D,0,0,,0,0,0,0,"Synthetic outcome generated for model development and pipeline testing only; not a legal, statutory, or empirical real-world benchmark."
SYN-00285,MULTI_FACTOR_DELAY,10,2025-08-25,2026-05-22,3A,0,0,,0,0,0,1,"Synthetic outcome generated for model development and pipeline testing only; not a legal, statutory, or empirical real-world benchmark."
SYN-00286,COMPENSATION_DELAY,9,2023-09-21,2024-05-18,3D,1,44,196.0,1,2,3,0,"Synthetic outcome generated for model development and pipeline testing only; not a legal, statutory, or empirical real-world benchmark."
SYN-00287,NORMAL,15,2024-11-17,2026-01-11,3D,0,0,,0,0,0,0,"Synthetic outcome generated for model development and pipeline testing only; not a legal, statutory, or empirical real-world benchmark."
SYN-00288,COMPENSATION_DELAY,15,2023-04-24,2024-06-17,3D,0,0,,0,0,0,0,"Synthetic outcome generated for model development and pipeline testing only; not a legal, statutory, or empirical real-world benchmark."
SYN-00289,NORMAL,10,2019-09-23,2020-06-19,3D,0,0,,0,0,0,0,"Synthetic outcome generated for model development and pipeline testing only; not a legal, statutory, or empirical real-world benchmark."
SYN-00290,MULTI_FACTOR_DELAY,10,2025-05-31,2026-02-25,3A,0,0,,0,0,0,0,"Synthetic outcome generated for model development and pipeline testing only; not a legal, statutory, or empirical real-world benchmark."
SYN-00291,ADMINISTRATIVE_BOTTLENECK,10,2025-03-15,2025-12-10,3D,1,147,123.0,1,2,3,1,"Synthetic outcome generated for model development and pipeline testing only; not a legal, statutory, or empirical real-world benchmark."
SYN-00292,DOCUMENTATION_DELAY,12,2024-12-22,2025-11-17,3D,0,0,,0,0,0,0,"Synthetic outcome generated for model development and pipeline testing only; not a legal, statutory, or empirical real-world benchmark."
SYN-00293,DOCUMENTATION_DELAY,15,2025-05-22,2026-07-16,3D,1,188,232.0,1,2,3,0,"Synthetic outcome generated for model development and pipeline testing only; not a legal, statutory, or empirical real-world benchmark."
SYN-00294,NORMAL,9,2022-04-21,2022-12-17,3D,0,0,,0,0,0,0,"Synthetic outcome generated for model development and pipeline testing only; not a legal, statutory, or empirical real-world benchmark."
SYN-00295,NORMAL,10,2019-11-22,2020-08-18,3D,0,0,,0,0,0,0,"Synthetic outcome generated for model development and pipeline testing only; not a legal, statutory, or empirical real-world benchmark."
SYN-00296,MULTI_FACTOR_DELAY,8,2019-05-07,2019-12-03,3A,1,86,124.0,1,2,3,0,"Synthetic outcome generated for model development and pipeline testing only; not a legal, statutory, or empirical real-world benchmark."
SYN-00297,MULTI_FACTOR_DELAY,12,2019-12-30,2020-11-24,3A,1,185,145.0,1,2,3,1,"Synthetic outcome generated for model development and pipeline testing only; not a legal, statutory, or empirical real-world benchmark."
SYN-00298,NORMAL,15,2020-02-25,2021-04-20,3D,0,0,,0,0,0,0,"Synthetic outcome generated for model development and pipeline testing only; not a legal, statutory, or empirical real-world benchmark."
SYN-00299,RECOVERY,8,2019-02-16,2019-09-14,3D,0,0,,0,0,0,0,"Synthetic outcome generated for model development and pipeline testing only; not a legal, statutory, or empirical real-world benchmark."
SYN-00300,ADMINISTRATIVE_BOTTLENECK,14,2019-09-18,2020-10-12,3D,1,77,313.0,1,2,3,0,"Synthetic outcome generated for model development and pipeline testing only; not a legal, statutory, or empirical real-world benchmark."
SYN-00301,NORMAL,12,2020-04-14,2021-03-10,3D,0,0,,0,0,0,1,"Synthetic outcome generated for model development and pipeline testing only; not a legal, statutory, or empirical real-world benchmark."
SYN-00302,NORMAL,13,2021-02-09,2022-02-04,3D,0,0,,0,0,0,1,"Synthetic outcome generated for model development and pipeline testing only; not a legal, statutory, or empirical real-world benchmark."
SYN-00303,NORMAL,9,2022-12-13,2023-08-10,3D,0,0,,0,0,0,0,"Synthetic outcome generated for model development and pipeline testing only; not a legal, statutory, or empirical real-world benchmark."
SYN-00304,COMPENSATION_DELAY,14,2019-02-27,2020-03-23,3D,1,85,305.0,1,2,3,0,"Synthetic outcome generated for model development and pipeline testing only; not a legal, statutory, or empirical real-world benchmark."
SYN-00305,LEGAL_DELAY,14,2020-04-18,2021-05-13,3D,0,0,,0,0,0,1,"Synthetic outcome generated for model development and pipeline testing only; not a legal, statutory, or empirical real-world benchmark."
SYN-00306,DOCUMENTATION_DELAY,10,2023-11-25,2024-08-21,3D,0,0,,0,0,0,0,"Synthetic outcome generated for model development and pipeline testing only; not a legal, statutory, or empirical real-world benchmark."
SYN-00307,NORMAL,12,2025-01-17,2025-12-13,3D,0,0,,0,0,0,1,"Synthetic outcome generated for model development and pipeline testing only; not a legal, statutory, or empirical real-world benchmark."
SYN-00308,NORMAL,14,2023-02-20,2024-03-16,3D,0,0,,0,0,0,0,"Synthetic outcome generated for model development and pipeline testing only; not a legal, statutory, or empirical real-world benchmark."
SYN-00309,NORMAL,15,2021-02-24,2022-04-20,3D,0,0,,0,0,0,0,"Synthetic outcome generated for model development and pipeline testing only; not a legal, statutory, or empirical real-world benchmark."
SYN-00310,NORMAL,14,2019-11-12,2020-12-06,3D,0,0,,0,0,0,0,"Synthetic outcome generated for model development and pipeline testing only; not a legal, statutory, or empirical real-world benchmark."
SYN-00311,RECOVERY,13,2020-11-30,2021-11-25,3D,0,0,,0,0,0,0,"Synthetic outcome generated for model development and pipeline testing only; not a legal, statutory, or empirical real-world benchmark."
SYN-00312,NORMAL,13,2021-09-30,2022-09-25,3D,0,0,,0,0,0,1,"Synthetic outcome generated for model development and pipeline testing only; not a legal, statutory, or empirical real-world benchmark."
SYN-00313,DOCUMENTATION_DELAY,8,2019-01-02,2019-07-31,3D,1,116,94.0,1,2,3,0,"Synthetic outcome generated for model development and pipeline testing only; not a legal, statutory, or empirical real-world benchmark."
SYN-00314,NORMAL,15,2021-08-29,2022-10-23,3D,0,0,,0,0,0,0,"Synthetic outcome generated for model development and pipeline testing only; not a legal, statutory, or empirical real-world benchmark."
SYN-00315,NORMAL,11,2022-10-27,2023-08-23,3D,0,0,,0,0,0,0,"Synthetic outcome generated for model development and pipeline testing only; not a legal, statutory, or empirical real-world benchmark."
SYN-00316,ADMINISTRATIVE_BOTTLENECK,15,2024-01-26,2025-03-21,3D,1,263,157.0,1,2,3,1,"Synthetic outcome generated for model development and pipeline testing only; not a legal, statutory, or empirical real-world benchmark."
SYN-00317,NORMAL,10,2024-03-16,2024-12-11,3D,0,0,,0,0,0,0,"Synthetic outcome generated for model development and pipeline testing only; not a legal, statutory, or empirical real-world benchmark."
SYN-00318,RNR_DELAY,13,2019-04-05,2020-03-30,3D,0,0,,0,0,0,0,"Synthetic outcome generated for model development and pipeline testing only; not a legal, statutory, or empirical real-world benchmark."
SYN-00319,RECOVERY,14,2023-03-23,2024-04-16,3D,1,214,176.0,1,2,3,0,"Synthetic outcome generated for model development and pipeline testing only; not a legal, statutory, or empirical real-world benchmark."
SYN-00320,RNR_DELAY,11,2022-07-21,2023-05-17,3D,1,94,206.0,1,2,3,0,"Synthetic outcome generated for model development and pipeline testing only; not a legal, statutory, or empirical real-world benchmark."
SYN-00321,NORMAL,14,2019-01-31,2020-02-25,3D,0,0,,0,0,0,0,"Synthetic outcome generated for model development and pipeline testing only; not a legal, statutory, or empirical real-world benchmark."
SYN-00322,NORMAL,13,2019-05-11,2020-05-05,3D,0,0,,0,0,0,0,"Synthetic outcome generated for model development and pipeline testing only; not a legal, statutory, or empirical real-world benchmark."
SYN-00323,NORMAL,11,2025-10-19,2026-08-15,3D,0,0,,0,0,0,0,"Synthetic outcome generated for model development and pipeline testing only; not a legal, statutory, or empirical real-world benchmark."
SYN-00324,ADMINISTRATIVE_BOTTLENECK,13,2025-11-12,2026-11-07,3D,1,21,339.0,1,2,3,0,"Synthetic outcome generated for model development and pipeline testing only; not a legal, statutory, or empirical real-world benchmark."
SYN-00325,LEGAL_DELAY,14,2022-10-05,2023-10-30,3D,0,0,,0,0,0,0,"Synthetic outcome generated for model development and pipeline testing only; not a legal, statutory, or empirical real-world benchmark."
SYN-00326,DOCUMENTATION_DELAY,9,2021-01-11,2021-09-08,3D,1,149,91.0,1,2,3,0,"Synthetic outcome generated for model development and pipeline testing only; not a legal, statutory, or empirical real-world benchmark."
SYN-00327,NORMAL,8,2020-11-28,2021-06-26,3D,0,0,,0,0,0,0,"Synthetic outcome generated for model development and pipeline testing only; not a legal, statutory, or empirical real-world benchmark."
SYN-00328,DOCUMENTATION_DELAY,15,2022-02-27,2023-04-23,3D,1,169,251.0,1,2,3,0,"Synthetic outcome generated for model development and pipeline testing only; not a legal, statutory, or empirical real-world benchmark."
SYN-00329,NORMAL,15,2021-08-29,2022-10-23,3D,0,0,,0,0,0,1,"Synthetic outcome generated for model development and pipeline testing only; not a legal, statutory, or empirical real-world benchmark."
SYN-00330,NORMAL,9,2021-06-12,2022-02-07,3D,0,0,,0,0,0,0,"Synthetic outcome generated for model development and pipeline testing only; not a legal, statutory, or empirical real-world benchmark."
SYN-00331,COMPENSATION_DELAY,8,2025-10-13,2026-05-11,3D,1,51,159.0,1,2,3,0,"Synthetic outcome generated for model development and pipeline testing only; not a legal, statutory, or empirical real-world benchmark."
SYN-00332,NORMAL,11,2020-06-05,2021-04-01,3D,0,0,,0,0,0,0,"Synthetic outcome generated for model development and pipeline testing only; not a legal, statutory, or empirical real-world benchmark."
SYN-00333,NORMAL,11,2020-11-22,2021-09-18,3D,0,0,,0,0,0,0,"Synthetic outcome generated for model development and pipeline testing only; not a legal, statutory, or empirical real-world benchmark."
SYN-00334,COMPENSATION_DELAY,8,2019-12-25,2020-07-22,3D,1,117,93.0,1,2,3,0,"Synthetic outcome generated for model development and pipeline testing only; not a legal, statutory, or empirical real-world benchmark."
SYN-00335,RECOVERY,9,2020-11-06,2021-07-04,3D,1,94,146.0,1,2,3,0,"Synthetic outcome generated for model development and pipeline testing only; not a legal, statutory, or empirical real-world benchmark."
SYN-00336,DOCUMENTATION_DELAY,13,2023-01-04,2023-12-30,3D,0,0,,0,0,0,0,"Synthetic outcome generated for model development and pipeline testing only; not a legal, statutory, or empirical real-world benchmark."
SYN-00337,ADMINISTRATIVE_BOTTLENECK,10,2022-10-28,2023-07-25,3D,1,167,103.0,1,2,3,1,"Synthetic outcome generated for model development and pipeline testing only; not a legal, statutory, or empirical real-world benchmark."
SYN-00338,ADMINISTRATIVE_BOTTLENECK,9,2019-09-03,2020-04-30,3D,1,123,117.0,1,2,3,0,"Synthetic outcome generated for model development and pipeline testing only; not a legal, statutory, or empirical real-world benchmark."
SYN-00339,NORMAL,11,2022-01-09,2022-11-05,3D,1,134,166.0,1,2,3,0,"Synthetic outcome generated for model development and pipeline testing only; not a legal, statutory, or empirical real-world benchmark."
SYN-00340,NORMAL,14,2023-01-14,2024-02-08,3D,0,0,,0,0,0,0,"Synthetic outcome generated for model development and pipeline testing only; not a legal, statutory, or empirical real-world benchmark."
SYN-00341,LEGAL_DELAY,8,2021-12-24,2022-07-22,3D,1,117,93.0,1,2,3,0,"Synthetic outcome generated for model development and pipeline testing only; not a legal, statutory, or empirical real-world benchmark."
SYN-00342,NORMAL,15,2023-11-08,2025-01-01,3D,0,0,,0,0,0,0,"Synthetic outcome generated for model development and pipeline testing only; not a legal, statutory, or empirical real-world benchmark."
SYN-00343,NORMAL,15,2025-11-27,2027-01-21,3D,0,0,,0,0,0,0,"Synthetic outcome generated for model development and pipeline testing only; not a legal, statutory, or empirical real-world benchmark."
SYN-00344,NORMAL,12,2022-02-22,2023-01-18,3D,0,0,,0,0,0,0,"Synthetic outcome generated for model development and pipeline testing only; not a legal, statutory, or empirical real-world benchmark."
SYN-00345,NORMAL,11,2025-01-14,2025-11-10,3D,0,0,,0,0,0,1,"Synthetic outcome generated for model development and pipeline testing only; not a legal, statutory, or empirical real-world benchmark."
SYN-00346,DOCUMENTATION_DELAY,10,2020-06-18,2021-03-15,3D,0,0,,0,0,0,1,"Synthetic outcome generated for model development and pipeline testing only; not a legal, statutory, or empirical real-world benchmark."
SYN-00347,NORMAL,11,2023-08-21,2024-06-16,3D,0,0,,0,0,0,0,"Synthetic outcome generated for model development and pipeline testing only; not a legal, statutory, or empirical real-world benchmark."
SYN-00348,RNR_DELAY,11,2024-06-26,2025-04-22,3D,0,0,,0,0,0,0,"Synthetic outcome generated for model development and pipeline testing only; not a legal, statutory, or empirical real-world benchmark."
SYN-00349,NORMAL,11,2022-12-07,2023-10-03,3D,0,0,,0,0,0,0,"Synthetic outcome generated for model development and pipeline testing only; not a legal, statutory, or empirical real-world benchmark."
SYN-00350,ADMINISTRATIVE_BOTTLENECK,15,2024-04-03,2025-05-28,3D,0,0,,0,0,0,0,"Synthetic outcome generated for model development and pipeline testing only; not a legal, statutory, or empirical real-world benchmark."
SYN-00351,NORMAL,9,2022-11-23,2023-07-21,3D,0,0,,0,0,0,0,"Synthetic outcome generated for model development and pipeline testing only; not a legal, statutory, or empirical real-world benchmark."
SYN-00352,NORMAL,8,2021-01-15,2021-08-13,3D,0,0,,0,0,0,0,"Synthetic outcome generated for model development and pipeline testing only; not a legal, statutory, or empirical real-world benchmark."
SYN-00353,MULTI_FACTOR_DELAY,15,2022-07-17,2023-09-10,3A,1,154,266.0,1,2,3,0,"Synthetic outcome generated for model development and pipeline testing only; not a legal, statutory, or empirical real-world benchmark."
SYN-00354,NORMAL,15,2020-10-03,2021-11-27,3D,0,0,,0,0,0,0,"Synthetic outcome generated for model development and pipeline testing only; not a legal, statutory, or empirical real-world benchmark."
SYN-00355,ADMINISTRATIVE_BOTTLENECK,15,2020-08-01,2021-09-25,3D,1,173,247.0,1,2,3,0,"Synthetic outcome generated for model development and pipeline testing only; not a legal, statutory, or empirical real-world benchmark."
SYN-00356,NORMAL,15,2020-07-07,2021-08-31,3D,0,0,,0,0,0,0,"Synthetic outcome generated for model development and pipeline testing only; not a legal, statutory, or empirical real-world benchmark."
SYN-00357,NORMAL,10,2021-01-12,2021-10-09,3D,0,0,,0,0,0,1,"Synthetic outcome generated for model development and pipeline testing only; not a legal, statutory, or empirical real-world benchmark."
SYN-00358,DOCUMENTATION_DELAY,13,2024-05-15,2025-05-10,3D,1,247,113.0,1,2,3,0,"Synthetic outcome generated for model development and pipeline testing only; not a legal, statutory, or empirical real-world benchmark."
SYN-00359,COMPENSATION_DELAY,15,2023-03-29,2024-05-22,3D,1,225,195.0,1,2,3,0,"Synthetic outcome generated for model development and pipeline testing only; not a legal, statutory, or empirical real-world benchmark."
SYN-00360,LEGAL_DELAY,9,2025-01-16,2025-09-13,3D,0,0,,0,0,0,0,"Synthetic outcome generated for model development and pipeline testing only; not a legal, statutory, or empirical real-world benchmark."
SYN-00361,NORMAL,14,2024-04-07,2025-05-02,3D,0,0,,0,0,0,0,"Synthetic outcome generated for model development and pipeline testing only; not a legal, statutory, or empirical real-world benchmark."
SYN-00362,COMPENSATION_DELAY,11,2019-08-05,2020-05-31,3D,0,0,,0,0,0,1,"Synthetic outcome generated for model development and pipeline testing only; not a legal, statutory, or empirical real-world benchmark."
SYN-00363,LEGAL_DELAY,14,2019-09-09,2020-10-03,3D,1,240,150.0,1,2,3,0,"Synthetic outcome generated for model development and pipeline testing only; not a legal, statutory, or empirical real-world benchmark."
SYN-00364,DOCUMENTATION_DELAY,13,2024-03-05,2025-02-28,3D,0,0,,0,0,0,1,"Synthetic outcome generated for model development and pipeline testing only; not a legal, statutory, or empirical real-world benchmark."
SYN-00365,ADMINISTRATIVE_BOTTLENECK,9,2022-07-12,2023-03-09,3D,0,0,,0,0,0,0,"Synthetic outcome generated for model development and pipeline testing only; not a legal, statutory, or empirical real-world benchmark."
SYN-00366,NORMAL,9,2021-10-28,2022-06-25,3D,1,78,162.0,1,2,3,0,"Synthetic outcome generated for model development and pipeline testing only; not a legal, statutory, or empirical real-world benchmark."
SYN-00367,ADMINISTRATIVE_BOTTLENECK,12,2025-04-22,2026-03-18,3D,1,215,115.0,1,2,3,0,"Synthetic outcome generated for model development and pipeline testing only; not a legal, statutory, or empirical real-world benchmark."
SYN-00368,LEGAL_DELAY,14,2022-12-14,2024-01-08,3D,1,72,318.0,1,2,3,1,"Synthetic outcome generated for model development and pipeline testing only; not a legal, statutory, or empirical real-world benchmark."
SYN-00369,LEGAL_DELAY,13,2019-08-25,2020-08-19,3D,1,264,96.0,1,2,3,0,"Synthetic outcome generated for model development and pipeline testing only; not a legal, statutory, or empirical real-world benchmark."
SYN-00370,DOCUMENTATION_DELAY,13,2023-05-13,2024-05-07,3D,1,233,127.0,1,2,3,0,"Synthetic outcome generated for model development and pipeline testing only; not a legal, statutory, or empirical real-world benchmark."
SYN-00371,NORMAL,12,2019-06-09,2020-05-04,3D,0,0,,0,0,0,0,"Synthetic outcome generated for model development and pipeline testing only; not a legal, statutory, or empirical real-world benchmark."
SYN-00372,ADMINISTRATIVE_BOTTLENECK,12,2021-11-27,2022-10-23,3D,1,150,180.0,1,2,3,0,"Synthetic outcome generated for model development and pipeline testing only; not a legal, statutory, or empirical real-world benchmark."
SYN-00373,LEGAL_DELAY,12,2023-03-22,2024-02-15,3D,1,118,212.0,1,2,3,0,"Synthetic outcome generated for model development and pipeline testing only; not a legal, statutory, or empirical real-world benchmark."
SYN-00374,NORMAL,12,2025-08-29,2026-07-25,3D,0,0,,0,0,0,0,"Synthetic outcome generated for model development and pipeline testing only; not a legal, statutory, or empirical real-world benchmark."
SYN-00375,NORMAL,15,2024-04-02,2025-05-27,3D,0,0,,0,0,0,1,"Synthetic outcome generated for model development and pipeline testing only; not a legal, statutory, or empirical real-world benchmark."
SYN-00376,LEGAL_DELAY,15,2024-07-05,2025-08-29,3D,0,0,,0,0,0,0,"Synthetic outcome generated for model development and pipeline testing only; not a legal, statutory, or empirical real-world benchmark."
SYN-00377,RECOVERY,14,2025-12-17,2027-01-11,3D,1,158,232.0,1,2,3,0,"Synthetic outcome generated for model development and pipeline testing only; not a legal, statutory, or empirical real-world benchmark."
SYN-00378,MULTI_FACTOR_DELAY,14,2020-08-15,2021-09-09,3A,1,229,161.0,1,2,3,0,"Synthetic outcome generated for model development and pipeline testing only; not a legal, statutory, or empirical real-world benchmark."
SYN-00379,NORMAL,14,2024-12-26,2026-01-20,3D,0,0,,0,0,0,1,"Synthetic outcome generated for model development and pipeline testing only; not a legal, statutory, or empirical real-world benchmark."
SYN-00380,NORMAL,11,2024-11-08,2025-09-04,3D,1,158,142.0,1,2,3,0,"Synthetic outcome generated for model development and pipeline testing only; not a legal, statutory, or empirical real-world benchmark."
SYN-00381,NORMAL,13,2022-08-19,2023-08-14,3D,0,0,,0,0,0,0,"Synthetic outcome generated for model development and pipeline testing only; not a legal, statutory, or empirical real-world benchmark."
SYN-00382,NORMAL,12,2021-01-10,2021-12-06,3D,0,0,,0,0,0,1,"Synthetic outcome generated for model development and pipeline testing only; not a legal, statutory, or empirical real-world benchmark."
SYN-00383,RNR_DELAY,12,2022-10-28,2023-09-23,3D,1,136,194.0,1,2,3,0,"Synthetic outcome generated for model development and pipeline testing only; not a legal, statutory, or empirical real-world benchmark."
SYN-00384,NORMAL,14,2022-05-04,2023-05-29,3D,0,0,,0,0,0,0,"Synthetic outcome generated for model development and pipeline testing only; not a legal, statutory, or empirical real-world benchmark."
SYN-00385,COMPENSATION_DELAY,9,2022-12-10,2023-08-07,3D,1,87,153.0,1,2,3,1,"Synthetic outcome generated for model development and pipeline testing only; not a legal, statutory, or empirical real-world benchmark."
SYN-00386,RECOVERY,10,2025-12-03,2026-08-30,3D,0,0,,0,0,0,0,"Synthetic outcome generated for model development and pipeline testing only; not a legal, statutory, or empirical real-world benchmark."
SYN-00387,NORMAL,8,2024-06-18,2025-01-14,3D,0,0,,0,0,0,0,"Synthetic outcome generated for model development and pipeline testing only; not a legal, statutory, or empirical real-world benchmark."
SYN-00388,DOCUMENTATION_DELAY,13,2021-12-28,2022-12-23,3D,0,0,,0,0,0,0,"Synthetic outcome generated for model development and pipeline testing only; not a legal, statutory, or empirical real-world benchmark."
SYN-00389,LEGAL_DELAY,15,2020-02-24,2021-04-19,3D,1,260,160.0,1,2,3,0,"Synthetic outcome generated for model development and pipeline testing only; not a legal, statutory, or empirical real-world benchmark."
SYN-00390,NORMAL,14,2019-10-26,2020-11-19,3D,0,0,,0,0,0,1,"Synthetic outcome generated for model development and pipeline testing only; not a legal, statutory, or empirical real-world benchmark."
SYN-00391,NORMAL,12,2021-02-12,2022-01-08,3D,0,0,,0,0,0,1,"Synthetic outcome generated for model development and pipeline testing only; not a legal, statutory, or empirical real-world benchmark."
SYN-00392,NORMAL,12,2022-05-23,2023-04-18,3D,0,0,,0,0,0,0,"Synthetic outcome generated for model development and pipeline testing only; not a legal, statutory, or empirical real-world benchmark."
SYN-00393,DOCUMENTATION_DELAY,10,2020-02-04,2020-10-31,3D,1,111,159.0,1,2,3,0,"Synthetic outcome generated for model development and pipeline testing only; not a legal, statutory, or empirical real-world benchmark."
SYN-00394,NORMAL,8,2020-12-14,2021-07-12,3D,0,0,,0,0,0,0,"Synthetic outcome generated for model development and pipeline testing only; not a legal, statutory, or empirical real-world benchmark."
SYN-00395,MULTI_FACTOR_DELAY,13,2022-11-18,2023-11-13,3A,1,54,306.0,1,2,3,0,"Synthetic outcome generated for model development and pipeline testing only; not a legal, statutory, or empirical real-world benchmark."
SYN-00396,RECOVERY,11,2025-07-30,2026-05-26,3D,0,0,,0,0,0,1,"Synthetic outcome generated for model development and pipeline testing only; not a legal, statutory, or empirical real-world benchmark."
SYN-00397,MULTI_FACTOR_DELAY,15,2022-06-29,2023-08-23,3A,0,0,,0,0,0,0,"Synthetic outcome generated for model development and pipeline testing only; not a legal, statutory, or empirical real-world benchmark."
SYN-00398,NORMAL,13,2022-05-20,2023-05-15,3D,0,0,,0,0,0,0,"Synthetic outcome generated for model development and pipeline testing only; not a legal, statutory, or empirical real-world benchmark."
SYN-00399,NORMAL,11,2025-09-08,2026-07-05,3D,0,0,,0,0,0,0,"Synthetic outcome generated for model development and pipeline testing only; not a legal, statutory, or empirical real-world benchmark."
SYN-00400,NORMAL,8,2022-01-21,2022-08-19,3D,0,0,,0,0,0,0,"Synthetic outcome generated for model development and pipeline testing only; not a legal, statutory, or empirical real-world benchmark."
SYN-00401,ADMINISTRATIVE_BOTTLENECK,12,2023-04-12,2024-03-07,3D,1,245,85.0,1,2,3,0,"Synthetic outcome generated for model development and pipeline testing only; not a legal, statutory, or empirical real-world benchmark."
SYN-00402,NORMAL,10,2024-04-14,2025-01-09,3D,0,0,,0,0,0,0,"Synthetic outcome generated for model development and pipeline testing only; not a legal, statutory, or empirical real-world benchmark."
SYN-00403,COMPENSATION_DELAY,14,2023-07-01,2024-07-25,3D,1,48,342.0,1,2,3,0,"Synthetic outcome generated for model development and pipeline testing only; not a legal, statutory, or empirical real-world benchmark."
SYN-00404,NORMAL,12,2022-04-27,2023-03-23,3D,0,0,,0,0,0,0,"Synthetic outcome generated for model development and pipeline testing only; not a legal, statutory, or empirical real-world benchmark."
SYN-00405,RNR_DELAY,14,2022-10-20,2023-11-14,3D,1,203,187.0,1,2,3,1,"Synthetic outcome generated for model development and pipeline testing only; not a legal, statutory, or empirical real-world benchmark."
SYN-00406,DOCUMENTATION_DELAY,12,2024-05-24,2025-04-19,3D,0,0,,0,0,0,0,"Synthetic outcome generated for model development and pipeline testing only; not a legal, statutory, or empirical real-world benchmark."
SYN-00407,ADMINISTRATIVE_BOTTLENECK,11,2019-05-11,2020-03-06,3D,0,0,,0,0,0,0,"Synthetic outcome generated for model development and pipeline testing only; not a legal, statutory, or empirical real-world benchmark."
SYN-00408,NORMAL,10,2022-05-03,2023-01-28,3D,1,148,122.0,1,2,3,0,"Synthetic outcome generated for model development and pipeline testing only; not a legal, statutory, or empirical real-world benchmark."
SYN-00409,DOCUMENTATION_DELAY,8,2019-09-14,2020-04-11,3D,0,0,,0,0,0,0,"Synthetic outcome generated for model development and pipeline testing only; not a legal, statutory, or empirical real-world benchmark."
SYN-00410,RNR_DELAY,15,2019-02-15,2020-04-10,3D,1,305,115.0,1,2,3,0,"Synthetic outcome generated for model development and pipeline testing only; not a legal, statutory, or empirical real-world benchmark."
SYN-00411,NORMAL,8,2024-01-10,2024-08-07,3D,0,0,,0,0,0,0,"Synthetic outcome generated for model development and pipeline testing only; not a legal, statutory, or empirical real-world benchmark."
SYN-00412,COMPENSATION_DELAY,8,2025-07-29,2026-02-24,3D,1,132,78.0,1,2,3,0,"Synthetic outcome generated for model development and pipeline testing only; not a legal, statutory, or empirical real-world benchmark."
SYN-00413,LEGAL_DELAY,10,2021-11-14,2022-08-11,3D,0,0,,0,0,0,0,"Synthetic outcome generated for model development and pipeline testing only; not a legal, statutory, or empirical real-world benchmark."
SYN-00414,NORMAL,8,2021-12-13,2022-07-11,3D,1,101,109.0,1,2,3,1,"Synthetic outcome generated for model development and pipeline testing only; not a legal, statutory, or empirical real-world benchmark."
SYN-00415,RNR_DELAY,12,2022-03-21,2023-02-14,3D,0,0,,0,0,0,0,"Synthetic outcome generated for model development and pipeline testing only; not a legal, statutory, or empirical real-world benchmark."
SYN-00416,RNR_DELAY,13,2019-06-22,2020-06-16,3D,1,167,193.0,1,2,3,0,"Synthetic outcome generated for model development and pipeline testing only; not a legal, statutory, or empirical real-world benchmark."
SYN-00417,COMPENSATION_DELAY,12,2019-12-20,2020-11-14,3D,1,168,162.0,1,2,3,0,"Synthetic outcome generated for model development and pipeline testing only; not a legal, statutory, or empirical real-world benchmark."
SYN-00418,NORMAL,8,2020-11-13,2021-06-11,3D,0,0,,0,0,0,0,"Synthetic outcome generated for model development and pipeline testing only; not a legal, statutory, or empirical real-world benchmark."
SYN-00419,MULTI_FACTOR_DELAY,10,2024-12-16,2025-09-12,3A,1,143,127.0,1,2,3,1,"Synthetic outcome generated for model development and pipeline testing only; not a legal, statutory, or empirical real-world benchmark."
SYN-00420,NORMAL,13,2023-06-20,2024-06-14,3D,0,0,,0,0,0,0,"Synthetic outcome generated for model development and pipeline testing only; not a legal, statutory, or empirical real-world benchmark."
SYN-00421,ADMINISTRATIVE_BOTTLENECK,12,2025-04-16,2026-03-12,3D,0,0,,0,0,0,0,"Synthetic outcome generated for model development and pipeline testing only; not a legal, statutory, or empirical real-world benchmark."
SYN-00422,NORMAL,13,2019-06-23,2020-06-17,3D,0,0,,0,0,0,0,"Synthetic outcome generated for model development and pipeline testing only; not a legal, statutory, or empirical real-world benchmark."
SYN-00423,MULTI_FACTOR_DELAY,13,2023-08-01,2024-07-26,3A,0,0,,0,0,0,1,"Synthetic outcome generated for model development and pipeline testing only; not a legal, statutory, or empirical real-world benchmark."
SYN-00424,NORMAL,15,2022-07-21,2023-09-14,3D,1,239,181.0,1,2,3,0,"Synthetic outcome generated for model development and pipeline testing only; not a legal, statutory, or empirical real-world benchmark."
SYN-00425,NORMAL,15,2023-04-18,2024-06-11,3D,0,0,,0,0,0,0,"Synthetic outcome generated for model development and pipeline testing only; not a legal, statutory, or empirical real-world benchmark."
SYN-00426,NORMAL,8,2025-03-10,2025-10-06,3D,1,95,115.0,1,2,3,0,"Synthetic outcome generated for model development and pipeline testing only; not a legal, statutory, or empirical real-world benchmark."
SYN-00427,COMPENSATION_DELAY,11,2025-02-03,2025-11-30,3D,0,0,,0,0,0,0,"Synthetic outcome generated for model development and pipeline testing only; not a legal, statutory, or empirical real-world benchmark."
SYN-00428,NORMAL,11,2022-11-18,2023-09-14,3D,0,0,,0,0,0,0,"Synthetic outcome generated for model development and pipeline testing only; not a legal, statutory, or empirical real-world benchmark."
SYN-00429,ADMINISTRATIVE_BOTTLENECK,10,2023-11-14,2024-08-10,3D,1,91,179.0,1,2,3,0,"Synthetic outcome generated for model development and pipeline testing only; not a legal, statutory, or empirical real-world benchmark."
SYN-00430,RECOVERY,13,2024-10-12,2025-10-07,3D,0,0,,0,0,0,0,"Synthetic outcome generated for model development and pipeline testing only; not a legal, statutory, or empirical real-world benchmark."
SYN-00431,NORMAL,15,2022-08-18,2023-10-12,3D,0,0,,0,0,0,0,"Synthetic outcome generated for model development and pipeline testing only; not a legal, statutory, or empirical real-world benchmark."
SYN-00432,LEGAL_DELAY,12,2025-08-01,2026-06-27,3D,1,231,99.0,1,2,3,0,"Synthetic outcome generated for model development and pipeline testing only; not a legal, statutory, or empirical real-world benchmark."
SYN-00433,ADMINISTRATIVE_BOTTLENECK,13,2022-05-26,2023-05-21,3D,0,0,,0,0,0,0,"Synthetic outcome generated for model development and pipeline testing only; not a legal, statutory, or empirical real-world benchmark."
SYN-00434,COMPENSATION_DELAY,12,2025-11-29,2026-10-25,3D,1,158,172.0,1,2,3,0,"Synthetic outcome generated for model development and pipeline testing only; not a legal, statutory, or empirical real-world benchmark."
SYN-00435,ADMINISTRATIVE_BOTTLENECK,14,2022-07-15,2023-08-09,3D,1,44,346.0,1,2,3,1,"Synthetic outcome generated for model development and pipeline testing only; not a legal, statutory, or empirical real-world benchmark."
SYN-00436,NORMAL,11,2021-12-05,2022-10-01,3D,0,0,,0,0,0,0,"Synthetic outcome generated for model development and pipeline testing only; not a legal, statutory, or empirical real-world benchmark."
SYN-00437,NORMAL,8,2024-03-05,2024-10-01,3D,0,0,,0,0,0,1,"Synthetic outcome generated for model development and pipeline testing only; not a legal, statutory, or empirical real-world benchmark."
SYN-00438,ADMINISTRATIVE_BOTTLENECK,13,2024-07-25,2025-07-20,3D,0,0,,0,0,0,0,"Synthetic outcome generated for model development and pipeline testing only; not a legal, statutory, or empirical real-world benchmark."
SYN-00439,LEGAL_DELAY,9,2022-07-21,2023-03-18,3D,0,0,,0,0,0,0,"Synthetic outcome generated for model development and pipeline testing only; not a legal, statutory, or empirical real-world benchmark."
SYN-00440,NORMAL,14,2023-08-29,2024-09-22,3D,0,0,,0,0,0,0,"Synthetic outcome generated for model development and pipeline testing only; not a legal, statutory, or empirical real-world benchmark."
SYN-00441,NORMAL,8,2020-07-23,2021-02-18,3D,0,0,,0,0,0,0,"Synthetic outcome generated for model development and pipeline testing only; not a legal, statutory, or empirical real-world benchmark."
SYN-00442,MULTI_FACTOR_DELAY,11,2019-04-03,2020-01-28,3A,1,104,196.0,1,2,3,0,"Synthetic outcome generated for model development and pipeline testing only; not a legal, statutory, or empirical real-world benchmark."
SYN-00443,COMPENSATION_DELAY,10,2020-05-07,2021-02-01,3D,1,167,103.0,1,2,3,0,"Synthetic outcome generated for model development and pipeline testing only; not a legal, statutory, or empirical real-world benchmark."
SYN-00444,RNR_DELAY,14,2022-03-01,2023-03-26,3D,0,0,,0,0,0,1,"Synthetic outcome generated for model development and pipeline testing only; not a legal, statutory, or empirical real-world benchmark."
SYN-00445,MULTI_FACTOR_DELAY,8,2022-08-04,2023-03-02,3A,1,52,158.0,1,2,3,0,"Synthetic outcome generated for model development and pipeline testing only; not a legal, statutory, or empirical real-world benchmark."
SYN-00446,RNR_DELAY,12,2021-11-01,2022-09-27,3D,1,236,94.0,1,2,3,0,"Synthetic outcome generated for model development and pipeline testing only; not a legal, statutory, or empirical real-world benchmark."
SYN-00447,NORMAL,10,2025-10-01,2026-06-28,3D,0,0,,0,0,0,0,"Synthetic outcome generated for model development and pipeline testing only; not a legal, statutory, or empirical real-world benchmark."
SYN-00448,NORMAL,10,2022-10-05,2023-07-02,3D,0,0,,0,0,0,0,"Synthetic outcome generated for model development and pipeline testing only; not a legal, statutory, or empirical real-world benchmark."
SYN-00449,NORMAL,11,2023-05-22,2024-03-17,3D,0,0,,0,0,0,0,"Synthetic outcome generated for model development and pipeline testing only; not a legal, statutory, or empirical real-world benchmark."
SYN-00450,NORMAL,14,2023-06-05,2024-06-29,3D,1,237,153.0,1,2,3,0,"Synthetic outcome generated for model development and pipeline testing only; not a legal, statutory, or empirical real-world benchmark."
SYN-00451,DOCUMENTATION_DELAY,14,2019-10-09,2020-11-02,3D,0,0,,0,0,0,1,"Synthetic outcome generated for model development and pipeline testing only; not a legal, statutory, or empirical real-world benchmark."
SYN-00452,LEGAL_DELAY,12,2020-06-02,2021-04-28,3D,1,103,227.0,1,2,3,0,"Synthetic outcome generated for model development and pipeline testing only; not a legal, statutory, or empirical real-world benchmark."
SYN-00453,MULTI_FACTOR_DELAY,14,2025-04-14,2026-05-09,3A,1,295,95.0,1,2,3,1,"Synthetic outcome generated for model development and pipeline testing only; not a legal, statutory, or empirical real-world benchmark."
SYN-00454,RECOVERY,9,2019-08-14,2020-04-10,3D,0,0,,0,0,0,0,"Synthetic outcome generated for model development and pipeline testing only; not a legal, statutory, or empirical real-world benchmark."
SYN-00455,NORMAL,13,2023-12-10,2024-12-04,3D,0,0,,0,0,0,0,"Synthetic outcome generated for model development and pipeline testing only; not a legal, statutory, or empirical real-world benchmark."
SYN-00456,NORMAL,15,2022-01-19,2023-03-15,3D,0,0,,0,0,0,0,"Synthetic outcome generated for model development and pipeline testing only; not a legal, statutory, or empirical real-world benchmark."
SYN-00457,COMPENSATION_DELAY,14,2022-12-24,2024-01-18,3D,1,189,201.0,1,2,3,0,"Synthetic outcome generated for model development and pipeline testing only; not a legal, statutory, or empirical real-world benchmark."
SYN-00458,DOCUMENTATION_DELAY,10,2024-02-05,2024-11-01,3D,0,0,,0,0,0,0,"Synthetic outcome generated for model development and pipeline testing only; not a legal, statutory, or empirical real-world benchmark."
SYN-00459,MULTI_FACTOR_DELAY,10,2019-11-24,2020-08-20,3A,1,62,208.0,1,2,3,0,"Synthetic outcome generated for model development and pipeline testing only; not a legal, statutory, or empirical real-world benchmark."
SYN-00460,NORMAL,10,2020-06-03,2021-02-28,3D,0,0,,0,0,0,0,"Synthetic outcome generated for model development and pipeline testing only; not a legal, statutory, or empirical real-world benchmark."
SYN-00461,DOCUMENTATION_DELAY,13,2023-07-15,2024-07-09,3D,0,0,,0,0,0,0,"Synthetic outcome generated for model development and pipeline testing only; not a legal, statutory, or empirical real-world benchmark."
SYN-00462,COMPENSATION_DELAY,11,2019-08-19,2020-06-14,3D,1,118,182.0,1,2,3,0,"Synthetic outcome generated for model development and pipeline testing only; not a legal, statutory, or empirical real-world benchmark."
SYN-00463,NORMAL,8,2025-01-17,2025-08-15,3D,0,0,,0,0,0,1,"Synthetic outcome generated for model development and pipeline testing only; not a legal, statutory, or empirical real-world benchmark."
SYN-00464,LEGAL_DELAY,8,2025-02-08,2025-09-06,3D,0,0,,0,0,0,0,"Synthetic outcome generated for model development and pipeline testing only; not a legal, statutory, or empirical real-world benchmark."
SYN-00465,LEGAL_DELAY,10,2019-04-01,2019-12-27,3D,1,68,202.0,1,2,3,1,"Synthetic outcome generated for model development and pipeline testing only; not a legal, statutory, or empirical real-world benchmark."
SYN-00466,NORMAL,15,2019-03-10,2020-05-03,3D,1,198,222.0,1,2,3,0,"Synthetic outcome generated for model development and pipeline testing only; not a legal, statutory, or empirical real-world benchmark."
SYN-00467,DOCUMENTATION_DELAY,15,2020-02-20,2021-04-15,3D,1,246,174.0,1,2,3,1,"Synthetic outcome generated for model development and pipeline testing only; not a legal, statutory, or empirical real-world benchmark."
SYN-00468,COMPENSATION_DELAY,15,2019-06-09,2020-08-02,3D,1,297,123.0,1,2,3,0,"Synthetic outcome generated for model development and pipeline testing only; not a legal, statutory, or empirical real-world benchmark."
SYN-00469,NORMAL,13,2023-10-23,2024-10-17,3D,0,0,,0,0,0,0,"Synthetic outcome generated for model development and pipeline testing only; not a legal, statutory, or empirical real-world benchmark."
SYN-00470,LEGAL_DELAY,10,2019-05-12,2020-02-06,3D,0,0,,0,0,0,0,"Synthetic outcome generated for model development and pipeline testing only; not a legal, statutory, or empirical real-world benchmark."
SYN-00471,NORMAL,13,2024-09-24,2025-09-19,3D,0,0,,0,0,0,0,"Synthetic outcome generated for model development and pipeline testing only; not a legal, statutory, or empirical real-world benchmark."
SYN-00472,ADMINISTRATIVE_BOTTLENECK,12,2020-03-19,2021-02-12,3D,0,0,,0,0,0,0,"Synthetic outcome generated for model development and pipeline testing only; not a legal, statutory, or empirical real-world benchmark."
SYN-00473,NORMAL,8,2023-11-24,2024-06-21,3D,0,0,,0,0,0,0,"Synthetic outcome generated for model development and pipeline testing only; not a legal, statutory, or empirical real-world benchmark."
SYN-00474,NORMAL,11,2019-02-19,2019-12-16,3D,0,0,,0,0,0,0,"Synthetic outcome generated for model development and pipeline testing only; not a legal, statutory, or empirical real-world benchmark."
SYN-00475,RNR_DELAY,15,2021-04-28,2022-06-22,3D,1,226,194.0,1,2,3,1,"Synthetic outcome generated for model development and pipeline testing only; not a legal, statutory, or empirical real-world benchmark."
SYN-00476,NORMAL,12,2021-03-22,2022-02-15,3D,1,55,275.0,1,2,3,0,"Synthetic outcome generated for model development and pipeline testing only; not a legal, statutory, or empirical real-world benchmark."
SYN-00477,NORMAL,12,2024-10-21,2025-09-16,3D,0,0,,0,0,0,0,"Synthetic outcome generated for model development and pipeline testing only; not a legal, statutory, or empirical real-world benchmark."
SYN-00478,NORMAL,12,2022-03-22,2023-02-15,3D,0,0,,0,0,0,1,"Synthetic outcome generated for model development and pipeline testing only; not a legal, statutory, or empirical real-world benchmark."
SYN-00479,COMPENSATION_DELAY,15,2020-09-19,2021-11-13,3D,1,112,308.0,1,2,3,0,"Synthetic outcome generated for model development and pipeline testing only; not a legal, statutory, or empirical real-world benchmark."
SYN-00480,LEGAL_DELAY,13,2019-09-04,2020-08-29,3D,0,0,,0,0,0,0,"Synthetic outcome generated for model development and pipeline testing only; not a legal, statutory, or empirical real-world benchmark."
SYN-00481,RECOVERY,13,2022-01-01,2022-12-27,3D,0,0,,0,0,0,1,"Synthetic outcome generated for model development and pipeline testing only; not a legal, statutory, or empirical real-world benchmark."
SYN-00482,NORMAL,14,2019-06-24,2020-07-18,3D,1,158,232.0,1,2,3,0,"Synthetic outcome generated for model development and pipeline testing only; not a legal, statutory, or empirical real-world benchmark."
SYN-00483,NORMAL,14,2021-03-17,2022-04-11,3D,0,0,,0,0,0,0,"Synthetic outcome generated for model development and pipeline testing only; not a legal, statutory, or empirical real-world benchmark."
SYN-00484,MULTI_FACTOR_DELAY,13,2021-08-09,2022-08-04,3A,1,100,260.0,1,2,3,0,"Synthetic outcome generated for model development and pipeline testing only; not a legal, statutory, or empirical real-world benchmark."
SYN-00485,ADMINISTRATIVE_BOTTLENECK,8,2019-12-05,2020-07-02,3D,0,0,,0,0,0,1,"Synthetic outcome generated for model development and pipeline testing only; not a legal, statutory, or empirical real-world benchmark."
SYN-00486,COMPENSATION_DELAY,8,2024-10-19,2025-05-17,3D,1,125,85.0,1,2,3,1,"Synthetic outcome generated for model development and pipeline testing only; not a legal, statutory, or empirical real-world benchmark."
SYN-00487,MULTI_FACTOR_DELAY,9,2022-03-31,2022-11-26,3A,1,99,141.0,1,2,3,1,"Synthetic outcome generated for model development and pipeline testing only; not a legal, statutory, or empirical real-world benchmark."
SYN-00488,LEGAL_DELAY,8,2021-07-29,2022-02-24,3D,1,86,124.0,1,2,3,1,"Synthetic outcome generated for model development and pipeline testing only; not a legal, statutory, or empirical real-world benchmark."
SYN-00489,LEGAL_DELAY,10,2025-06-19,2026-03-16,3D,0,0,,0,0,0,1,"Synthetic outcome generated for model development and pipeline testing only; not a legal, statutory, or empirical real-world benchmark."
SYN-00490,DOCUMENTATION_DELAY,15,2019-03-24,2020-05-17,3D,1,208,212.0,1,2,3,1,"Synthetic outcome generated for model development and pipeline testing only; not a legal, statutory, or empirical real-world benchmark."
SYN-00491,NORMAL,15,2022-07-25,2023-09-18,3D,0,0,,0,0,0,0,"Synthetic outcome generated for model development and pipeline testing only; not a legal, statutory, or empirical real-world benchmark."
SYN-00492,NORMAL,12,2023-12-20,2024-11-14,3D,0,0,,0,0,0,0,"Synthetic outcome generated for model development and pipeline testing only; not a legal, statutory, or empirical real-world benchmark."
SYN-00493,MULTI_FACTOR_DELAY,13,2019-07-30,2020-07-24,3A,1,184,176.0,1,2,3,0,"Synthetic outcome generated for model development and pipeline testing only; not a legal, statutory, or empirical real-world benchmark."
SYN-00494,MULTI_FACTOR_DELAY,8,2023-01-24,2023-08-22,3A,1,94,116.0,1,2,3,1,"Synthetic outcome generated for model development and pipeline testing only; not a legal, statutory, or empirical real-world benchmark."
SYN-00495,NORMAL,14,2021-10-27,2022-11-21,3D,0,0,,0,0,0,1,"Synthetic outcome generated for model development and pipeline testing only; not a legal, statutory, or empirical real-world benchmark."
SYN-00496,NORMAL,10,2024-04-02,2024-12-28,3D,0,0,,0,0,0,0,"Synthetic outcome generated for model development and pipeline testing only; not a legal, statutory, or empirical real-world benchmark."
SYN-00497,NORMAL,14,2022-07-14,2023-08-08,3D,0,0,,0,0,0,0,"Synthetic outcome generated for model development and pipeline testing only; not a legal, statutory, or empirical real-world benchmark."
SYN-00498,DOCUMENTATION_DELAY,9,2020-10-17,2021-06-14,3D,1,163,77.0,1,2,3,0,"Synthetic outcome generated for model development and pipeline testing only; not a legal, statutory, or empirical real-world benchmark."
SYN-00499,NORMAL,9,2022-05-18,2023-01-13,3D,1,98,142.0,1,2,3,0,"Synthetic outcome generated for model development and pipeline testing only; not a legal, statutory, or empirical real-world benchmark."
SYN-00500,NORMAL,10,2019-07-02,2020-03-28,3D,0,0,,0,0,0,1,"Synthetic outcome generated for model development and pipeline testing only; not a legal, statutory, or empirical real-world benchmark."
SYN-00501,RECOVERY,15,2024-08-21,2025-10-15,3D,0,0,,0,0,0,0,"Synthetic outcome generated for model development and pipeline testing only; not a legal, statutory, or empirical real-world benchmark."
SYN-00502,NORMAL,11,2022-11-16,2023-09-12,3D,0,0,,0,0,0,1,"Synthetic outcome generated for model development and pipeline testing only; not a legal, statutory, or empirical real-world benchmark."
SYN-00503,NORMAL,14,2025-06-11,2026-07-06,3D,1,238,152.0,1,2,3,0,"Synthetic outcome generated for model development and pipeline testing only; not a legal, statutory, or empirical real-world benchmark."
SYN-00504,MULTI_FACTOR_DELAY,13,2025-02-05,2026-01-31,3A,0,0,,0,0,0,0,"Synthetic outcome generated for model development and pipeline testing only; not a legal, statutory, or empirical real-world benchmark."
SYN-00505,NORMAL,12,2019-03-17,2020-02-10,3D,0,0,,0,0,0,0,"Synthetic outcome generated for model development and pipeline testing only; not a legal, statutory, or empirical real-world benchmark."
SYN-00506,NORMAL,12,2022-11-09,2023-10-05,3D,0,0,,0,0,0,0,"Synthetic outcome generated for model development and pipeline testing only; not a legal, statutory, or empirical real-world benchmark."
SYN-00507,ADMINISTRATIVE_BOTTLENECK,14,2021-05-19,2022-06-13,3D,1,222,168.0,1,2,3,1,"Synthetic outcome generated for model development and pipeline testing only; not a legal, statutory, or empirical real-world benchmark."
SYN-00508,NORMAL,8,2020-08-14,2021-03-12,3D,0,0,,0,0,0,0,"Synthetic outcome generated for model development and pipeline testing only; not a legal, statutory, or empirical real-world benchmark."
SYN-00509,NORMAL,12,2021-08-08,2022-07-04,3D,0,0,,0,0,0,0,"Synthetic outcome generated for model development and pipeline testing only; not a legal, statutory, or empirical real-world benchmark."
SYN-00510,NORMAL,12,2021-09-27,2022-08-23,3D,0,0,,0,0,0,0,"Synthetic outcome generated for model development and pipeline testing only; not a legal, statutory, or empirical real-world benchmark."
SYN-00511,LEGAL_DELAY,10,2022-10-18,2023-07-15,3D,0,0,,0,0,0,0,"Synthetic outcome generated for model development and pipeline testing only; not a legal, statutory, or empirical real-world benchmark."
SYN-00512,ADMINISTRATIVE_BOTTLENECK,11,2023-12-26,2024-10-21,3D,0,0,,0,0,0,0,"Synthetic outcome generated for model development and pipeline testing only; not a legal, statutory, or empirical real-world benchmark."
SYN-00513,ADMINISTRATIVE_BOTTLENECK,11,2024-02-28,2024-12-24,3D,1,148,152.0,1,2,3,1,"Synthetic outcome generated for model development and pipeline testing only; not a legal, statutory, or empirical real-world benchmark."
SYN-00514,NORMAL,12,2021-10-31,2022-09-26,3D,0,0,,0,0,0,0,"Synthetic outcome generated for model development and pipeline testing only; not a legal, statutory, or empirical real-world benchmark."
SYN-00515,ADMINISTRATIVE_BOTTLENECK,10,2019-10-06,2020-07-02,3D,0,0,,0,0,0,1,"Synthetic outcome generated for model development and pipeline testing only; not a legal, statutory, or empirical real-world benchmark."
SYN-00516,ADMINISTRATIVE_BOTTLENECK,9,2022-02-12,2022-10-10,3D,1,75,165.0,1,2,3,1,"Synthetic outcome generated for model development and pipeline testing only; not a legal, statutory, or empirical real-world benchmark."
SYN-00517,LEGAL_DELAY,15,2020-01-22,2021-03-17,3D,0,0,,0,0,0,0,"Synthetic outcome generated for model development and pipeline testing only; not a legal, statutory, or empirical real-world benchmark."
SYN-00518,MULTI_FACTOR_DELAY,12,2024-05-11,2025-04-06,3A,1,196,134.0,1,2,3,0,"Synthetic outcome generated for model development and pipeline testing only; not a legal, statutory, or empirical real-world benchmark."
SYN-00519,NORMAL,14,2019-05-15,2020-06-08,3D,0,0,,0,0,0,0,"Synthetic outcome generated for model development and pipeline testing only; not a legal, statutory, or empirical real-world benchmark."
SYN-00520,NORMAL,12,2025-06-13,2026-05-09,3D,0,0,,0,0,0,1,"Synthetic outcome generated for model development and pipeline testing only; not a legal, statutory, or empirical real-world benchmark."
SYN-00521,NORMAL,12,2020-09-25,2021-08-21,3D,0,0,,0,0,0,1,"Synthetic outcome generated for model development and pipeline testing only; not a legal, statutory, or empirical real-world benchmark."
SYN-00522,MULTI_FACTOR_DELAY,15,2025-06-26,2026-08-20,3A,1,90,330.0,1,2,3,0,"Synthetic outcome generated for model development and pipeline testing only; not a legal, statutory, or empirical real-world benchmark."
SYN-00523,LEGAL_DELAY,13,2021-07-13,2022-07-08,3D,1,112,248.0,1,2,3,0,"Synthetic outcome generated for model development and pipeline testing only; not a legal, statutory, or empirical real-world benchmark."
SYN-00524,NORMAL,11,2021-09-17,2022-07-14,3D,0,0,,0,0,0,0,"Synthetic outcome generated for model development and pipeline testing only; not a legal, statutory, or empirical real-world benchmark."
SYN-00525,RNR_DELAY,15,2019-05-22,2020-07-15,3D,0,0,,0,0,0,0,"Synthetic outcome generated for model development and pipeline testing only; not a legal, statutory, or empirical real-world benchmark."
SYN-00526,COMPENSATION_DELAY,15,2022-07-02,2023-08-26,3D,1,177,243.0,1,2,3,1,"Synthetic outcome generated for model development and pipeline testing only; not a legal, statutory, or empirical real-world benchmark."
SYN-00527,NORMAL,13,2020-10-03,2021-09-28,3D,0,0,,0,0,0,0,"Synthetic outcome generated for model development and pipeline testing only; not a legal, statutory, or empirical real-world benchmark."
SYN-00528,NORMAL,9,2020-11-03,2021-07-01,3D,0,0,,0,0,0,0,"Synthetic outcome generated for model development and pipeline testing only; not a legal, statutory, or empirical real-world benchmark."
SYN-00529,DOCUMENTATION_DELAY,9,2023-03-28,2023-11-23,3D,1,128,112.0,1,2,3,0,"Synthetic outcome generated for model development and pipeline testing only; not a legal, statutory, or empirical real-world benchmark."
SYN-00530,ADMINISTRATIVE_BOTTLENECK,10,2023-06-02,2024-02-27,3D,0,0,,0,0,0,0,"Synthetic outcome generated for model development and pipeline testing only; not a legal, statutory, or empirical real-world benchmark."
SYN-00531,RNR_DELAY,10,2020-01-03,2020-09-29,3D,1,153,117.0,1,2,3,0,"Synthetic outcome generated for model development and pipeline testing only; not a legal, statutory, or empirical real-world benchmark."
SYN-00532,NORMAL,12,2022-11-18,2023-10-14,3D,0,0,,0,0,0,0,"Synthetic outcome generated for model development and pipeline testing only; not a legal, statutory, or empirical real-world benchmark."
SYN-00533,LEGAL_DELAY,14,2022-07-25,2023-08-19,3D,0,0,,0,0,0,1,"Synthetic outcome generated for model development and pipeline testing only; not a legal, statutory, or empirical real-world benchmark."
SYN-00534,ADMINISTRATIVE_BOTTLENECK,14,2024-02-01,2025-02-25,3D,1,89,301.0,1,2,3,0,"Synthetic outcome generated for model development and pipeline testing only; not a legal, statutory, or empirical real-world benchmark."
SYN-00535,ADMINISTRATIVE_BOTTLENECK,14,2020-02-05,2021-03-01,3D,0,0,,0,0,0,0,"Synthetic outcome generated for model development and pipeline testing only; not a legal, statutory, or empirical real-world benchmark."
SYN-00536,NORMAL,11,2024-02-17,2024-12-13,3D,0,0,,0,0,0,0,"Synthetic outcome generated for model development and pipeline testing only; not a legal, statutory, or empirical real-world benchmark."
SYN-00537,LEGAL_DELAY,8,2023-09-06,2024-04-03,3D,1,118,92.0,1,2,3,0,"Synthetic outcome generated for model development and pipeline testing only; not a legal, statutory, or empirical real-world benchmark."
SYN-00538,ADMINISTRATIVE_BOTTLENECK,14,2020-07-14,2021-08-08,3D,1,223,167.0,1,2,3,0,"Synthetic outcome generated for model development and pipeline testing only; not a legal, statutory, or empirical real-world benchmark."
SYN-00539,COMPENSATION_DELAY,12,2021-12-12,2022-11-07,3D,0,0,,0,0,0,1,"Synthetic outcome generated for model development and pipeline testing only; not a legal, statutory, or empirical real-world benchmark."
SYN-00540,NORMAL,10,2019-08-29,2020-05-25,3D,0,0,,0,0,0,0,"Synthetic outcome generated for model development and pipeline testing only; not a legal, statutory, or empirical real-world benchmark."
SYN-00541,NORMAL,15,2019-04-24,2020-06-17,3D,0,0,,0,0,0,0,"Synthetic outcome generated for model development and pipeline testing only; not a legal, statutory, or empirical real-world benchmark."
SYN-00542,LEGAL_DELAY,9,2019-03-23,2019-11-18,3D,1,96,144.0,1,2,3,1,"Synthetic outcome generated for model development and pipeline testing only; not a legal, statutory, or empirical real-world benchmark."
SYN-00543,NORMAL,13,2022-12-13,2023-12-08,3D,0,0,,0,0,0,0,"Synthetic outcome generated for model development and pipeline testing only; not a legal, statutory, or empirical real-world benchmark."
SYN-00544,NORMAL,9,2021-09-27,2022-05-25,3D,1,107,133.0,1,2,3,0,"Synthetic outcome generated for model development and pipeline testing only; not a legal, statutory, or empirical real-world benchmark."
SYN-00545,RNR_DELAY,13,2024-07-18,2025-07-13,3D,0,0,,0,0,0,0,"Synthetic outcome generated for model development and pipeline testing only; not a legal, statutory, or empirical real-world benchmark."
SYN-00546,NORMAL,13,2019-04-19,2020-04-13,3D,0,0,,0,0,0,0,"Synthetic outcome generated for model development and pipeline testing only; not a legal, statutory, or empirical real-world benchmark."
SYN-00547,NORMAL,8,2024-10-11,2025-05-09,3D,0,0,,0,0,0,1,"Synthetic outcome generated for model development and pipeline testing only; not a legal, statutory, or empirical real-world benchmark."
SYN-00548,NORMAL,12,2020-08-23,2021-07-19,3D,0,0,,0,0,0,0,"Synthetic outcome generated for model development and pipeline testing only; not a legal, statutory, or empirical real-world benchmark."
SYN-00549,RECOVERY,15,2022-08-13,2023-10-07,3D,0,0,,0,0,0,0,"Synthetic outcome generated for model development and pipeline testing only; not a legal, statutory, or empirical real-world benchmark."
SYN-00550,NORMAL,9,2019-04-06,2019-12-02,3D,1,119,121.0,1,2,3,1,"Synthetic outcome generated for model development and pipeline testing only; not a legal, statutory, or empirical real-world benchmark."
SYN-00551,NORMAL,13,2023-08-12,2024-08-06,3D,0,0,,0,0,0,0,"Synthetic outcome generated for model development and pipeline testing only; not a legal, statutory, or empirical real-world benchmark."
SYN-00552,RECOVERY,14,2024-01-15,2025-02-08,3D,0,0,,0,0,0,0,"Synthetic outcome generated for model development and pipeline testing only; not a legal, statutory, or empirical real-world benchmark."
SYN-00553,ADMINISTRATIVE_BOTTLENECK,9,2025-09-08,2026-05-06,3D,1,70,170.0,1,2,3,0,"Synthetic outcome generated for model development and pipeline testing only; not a legal, statutory, or empirical real-world benchmark."
SYN-00554,NORMAL,13,2022-06-26,2023-06-21,3D,0,0,,0,0,0,0,"Synthetic outcome generated for model development and pipeline testing only; not a legal, statutory, or empirical real-world benchmark."
SYN-00555,MULTI_FACTOR_DELAY,15,2021-05-17,2022-07-11,3A,1,83,337.0,1,2,3,0,"Synthetic outcome generated for model development and pipeline testing only; not a legal, statutory, or empirical real-world benchmark."
SYN-00556,NORMAL,8,2024-04-07,2024-11-03,3D,0,0,,0,0,0,0,"Synthetic outcome generated for model development and pipeline testing only; not a legal, statutory, or empirical real-world benchmark."
SYN-00557,DOCUMENTATION_DELAY,12,2025-05-21,2026-04-16,3D,1,110,220.0,1,2,3,1,"Synthetic outcome generated for model development and pipeline testing only; not a legal, statutory, or empirical real-world benchmark."
SYN-00558,LEGAL_DELAY,14,2025-11-03,2026-11-28,3D,1,275,115.0,1,2,3,0,"Synthetic outcome generated for model development and pipeline testing only; not a legal, statutory, or empirical real-world benchmark."
SYN-00559,NORMAL,8,2023-08-07,2024-03-04,3D,0,0,,0,0,0,1,"Synthetic outcome generated for model development and pipeline testing only; not a legal, statutory, or empirical real-world benchmark."
SYN-00560,LEGAL_DELAY,10,2020-09-19,2021-06-16,3D,1,119,151.0,1,2,3,0,"Synthetic outcome generated for model development and pipeline testing only; not a legal, statutory, or empirical real-world benchmark."
SYN-00561,NORMAL,8,2023-01-27,2023-08-25,3D,0,0,,0,0,0,0,"Synthetic outcome generated for model development and pipeline testing only; not a legal, statutory, or empirical real-world benchmark."
SYN-00562,NORMAL,10,2022-04-30,2023-01-25,3D,0,0,,0,0,0,0,"Synthetic outcome generated for model development and pipeline testing only; not a legal, statutory, or empirical real-world benchmark."
SYN-00563,NORMAL,11,2019-08-29,2020-06-24,3D,0,0,,0,0,0,0,"Synthetic outcome generated for model development and pipeline testing only; not a legal, statutory, or empirical real-world benchmark."
SYN-00564,NORMAL,14,2024-04-26,2025-05-21,3D,1,163,227.0,1,2,3,0,"Synthetic outcome generated for model development and pipeline testing only; not a legal, statutory, or empirical real-world benchmark."
SYN-00565,NORMAL,9,2023-01-09,2023-09-06,3D,0,0,,0,0,0,0,"Synthetic outcome generated for model development and pipeline testing only; not a legal, statutory, or empirical real-world benchmark."
SYN-00566,NORMAL,14,2025-09-13,2026-10-08,3D,0,0,,0,0,0,0,"Synthetic outcome generated for model development and pipeline testing only; not a legal, statutory, or empirical real-world benchmark."
SYN-00567,NORMAL,14,2023-07-13,2024-08-06,3D,0,0,,0,0,0,0,"Synthetic outcome generated for model development and pipeline testing only; not a legal, statutory, or empirical real-world benchmark."
SYN-00568,DOCUMENTATION_DELAY,8,2025-10-03,2026-05-01,3D,0,0,,0,0,0,1,"Synthetic outcome generated for model development and pipeline testing only; not a legal, statutory, or empirical real-world benchmark."
SYN-00569,RNR_DELAY,10,2021-09-26,2022-06-23,3D,0,0,,0,0,0,0,"Synthetic outcome generated for model development and pipeline testing only; not a legal, statutory, or empirical real-world benchmark."
SYN-00570,NORMAL,12,2022-04-20,2023-03-16,3D,0,0,,0,0,0,0,"Synthetic outcome generated for model development and pipeline testing only; not a legal, statutory, or empirical real-world benchmark."
SYN-00571,MULTI_FACTOR_DELAY,10,2019-06-23,2020-03-19,3A,1,154,116.0,1,2,3,0,"Synthetic outcome generated for model development and pipeline testing only; not a legal, statutory, or empirical real-world benchmark."
SYN-00572,NORMAL,14,2019-08-04,2020-08-28,3D,0,0,,0,0,0,0,"Synthetic outcome generated for model development and pipeline testing only; not a legal, statutory, or empirical real-world benchmark."
SYN-00573,ADMINISTRATIVE_BOTTLENECK,13,2024-12-10,2025-12-05,3D,1,238,122.0,1,2,3,0,"Synthetic outcome generated for model development and pipeline testing only; not a legal, statutory, or empirical real-world benchmark."
SYN-00574,NORMAL,14,2020-03-11,2021-04-05,3D,0,0,,0,0,0,0,"Synthetic outcome generated for model development and pipeline testing only; not a legal, statutory, or empirical real-world benchmark."
SYN-00575,ADMINISTRATIVE_BOTTLENECK,13,2024-09-04,2025-08-30,3D,1,163,197.0,1,2,3,0,"Synthetic outcome generated for model development and pipeline testing only; not a legal, statutory, or empirical real-world benchmark."
SYN-00576,NORMAL,9,2023-06-09,2024-02-04,3D,0,0,,0,0,0,1,"Synthetic outcome generated for model development and pipeline testing only; not a legal, statutory, or empirical real-world benchmark."
SYN-00577,ADMINISTRATIVE_BOTTLENECK,12,2025-01-02,2025-11-28,3D,1,219,111.0,1,2,3,1,"Synthetic outcome generated for model development and pipeline testing only; not a legal, statutory, or empirical real-world benchmark."
SYN-00578,ADMINISTRATIVE_BOTTLENECK,10,2020-08-20,2021-05-17,3D,1,118,152.0,1,2,3,0,"Synthetic outcome generated for model development and pipeline testing only; not a legal, statutory, or empirical real-world benchmark."
SYN-00579,NORMAL,12,2023-12-11,2024-11-05,3D,0,0,,0,0,0,1,"Synthetic outcome generated for model development and pipeline testing only; not a legal, statutory, or empirical real-world benchmark."
SYN-00580,NORMAL,12,2019-10-29,2020-09-23,3D,0,0,,0,0,0,0,"Synthetic outcome generated for model development and pipeline testing only; not a legal, statutory, or empirical real-world benchmark."
SYN-00581,MULTI_FACTOR_DELAY,10,2023-08-03,2024-04-29,3A,1,121,149.0,1,2,3,0,"Synthetic outcome generated for model development and pipeline testing only; not a legal, statutory, or empirical real-world benchmark."
SYN-00582,ADMINISTRATIVE_BOTTLENECK,9,2022-04-03,2022-11-29,3D,1,128,112.0,1,2,3,0,"Synthetic outcome generated for model development and pipeline testing only; not a legal, statutory, or empirical real-world benchmark."
SYN-00583,MULTI_FACTOR_DELAY,10,2022-11-04,2023-08-01,3A,1,128,142.0,1,2,3,0,"Synthetic outcome generated for model development and pipeline testing only; not a legal, statutory, or empirical real-world benchmark."
SYN-00584,MULTI_FACTOR_DELAY,8,2024-10-15,2025-05-13,3A,1,98,112.0,1,2,3,0,"Synthetic outcome generated for model development and pipeline testing only; not a legal, statutory, or empirical real-world benchmark."
SYN-00585,COMPENSATION_DELAY,15,2025-09-22,2026-11-16,3D,1,335,85.0,1,2,3,0,"Synthetic outcome generated for model development and pipeline testing only; not a legal, statutory, or empirical real-world benchmark."
SYN-00586,NORMAL,14,2020-12-30,2022-01-24,3D,0,0,,0,0,0,0,"Synthetic outcome generated for model development and pipeline testing only; not a legal, statutory, or empirical real-world benchmark."
SYN-00587,RNR_DELAY,12,2020-03-23,2021-02-16,3D,0,0,,0,0,0,0,"Synthetic outcome generated for model development and pipeline testing only; not a legal, statutory, or empirical real-world benchmark."
SYN-00588,NORMAL,9,2025-03-26,2025-11-21,3D,0,0,,0,0,0,0,"Synthetic outcome generated for model development and pipeline testing only; not a legal, statutory, or empirical real-world benchmark."
SYN-00589,NORMAL,13,2024-06-22,2025-06-17,3D,0,0,,0,0,0,1,"Synthetic outcome generated for model development and pipeline testing only; not a legal, statutory, or empirical real-world benchmark."
SYN-00590,NORMAL,9,2024-08-25,2025-04-22,3D,0,0,,0,0,0,0,"Synthetic outcome generated for model development and pipeline testing only; not a legal, statutory, or empirical real-world benchmark."
SYN-00591,MULTI_FACTOR_DELAY,13,2019-01-26,2020-01-21,3A,1,215,145.0,1,2,3,1,"Synthetic outcome generated for model development and pipeline testing only; not a legal, statutory, or empirical real-world benchmark."
SYN-00592,MULTI_FACTOR_DELAY,10,2025-03-05,2025-11-30,3A,1,115,155.0,1,2,3,0,"Synthetic outcome generated for model development and pipeline testing only; not a legal, statutory, or empirical real-world benchmark."
SYN-00593,NORMAL,9,2019-10-03,2020-05-30,3D,0,0,,0,0,0,0,"Synthetic outcome generated for model development and pipeline testing only; not a legal, statutory, or empirical real-world benchmark."
SYN-00594,COMPENSATION_DELAY,15,2024-03-08,2025-05-02,3D,0,0,,0,0,0,0,"Synthetic outcome generated for model development and pipeline testing only; not a legal, statutory, or empirical real-world benchmark."
SYN-00595,RECOVERY,9,2023-08-05,2024-04-01,3D,0,0,,0,0,0,0,"Synthetic outcome generated for model development and pipeline testing only; not a legal, statutory, or empirical real-world benchmark."
SYN-00596,NORMAL,14,2021-12-02,2022-12-27,3D,0,0,,0,0,0,0,"Synthetic outcome generated for model development and pipeline testing only; not a legal, statutory, or empirical real-world benchmark."
SYN-00597,NORMAL,10,2020-01-26,2020-10-22,3D,0,0,,0,0,0,0,"Synthetic outcome generated for model development and pipeline testing only; not a legal, statutory, or empirical real-world benchmark."
SYN-00598,NORMAL,15,2021-10-29,2022-12-23,3D,0,0,,0,0,0,0,"Synthetic outcome generated for model development and pipeline testing only; not a legal, statutory, or empirical real-world benchmark."
SYN-00599,RECOVERY,14,2024-01-18,2025-02-11,3D,1,174,216.0,1,2,3,0,"Synthetic outcome generated for model development and pipeline testing only; not a legal, statutory, or empirical real-world benchmark."
SYN-00600,NORMAL,8,2023-08-06,2024-03-03,3D,0,0,,0,0,0,0,"Synthetic outcome generated for model development and pipeline testing only; not a legal, statutory, or empirical real-world benchmark."
SYN-00601,NORMAL,8,2021-09-11,2022-04-09,3D,0,0,,0,0,0,0,"Synthetic outcome generated for model development and pipeline testing only; not a legal, statutory, or empirical real-world benchmark."
SYN-00602,ADMINISTRATIVE_BOTTLENECK,8,2021-04-18,2021-11-14,3D,1,72,138.0,1,2,3,1,"Synthetic outcome generated for model development and pipeline testing only; not a legal, statutory, or empirical real-world benchmark."
SYN-00603,COMPENSATION_DELAY,14,2022-12-29,2024-01-23,3D,1,190,200.0,1,2,3,0,"Synthetic outcome generated for model development and pipeline testing only; not a legal, statutory, or empirical real-world benchmark."
SYN-00604,LEGAL_DELAY,13,2020-08-31,2021-08-26,3D,1,70,290.0,1,2,3,1,"Synthetic outcome generated for model development and pipeline testing only; not a legal, statutory, or empirical real-world benchmark."
SYN-00605,ADMINISTRATIVE_BOTTLENECK,13,2020-12-01,2021-11-26,3D,0,0,,0,0,0,0,"Synthetic outcome generated for model development and pipeline testing only; not a legal, statutory, or empirical real-world benchmark."
SYN-00606,NORMAL,13,2021-02-26,2022-02-21,3D,0,0,,0,0,0,0,"Synthetic outcome generated for model development and pipeline testing only; not a legal, statutory, or empirical real-world benchmark."
SYN-00607,LEGAL_DELAY,13,2020-04-07,2021-04-02,3D,1,243,117.0,1,2,3,0,"Synthetic outcome generated for model development and pipeline testing only; not a legal, statutory, or empirical real-world benchmark."
SYN-00608,ADMINISTRATIVE_BOTTLENECK,12,2022-08-23,2023-07-19,3D,1,150,180.0,1,2,3,0,"Synthetic outcome generated for model development and pipeline testing only; not a legal, statutory, or empirical real-world benchmark."
SYN-00609,COMPENSATION_DELAY,8,2022-05-21,2022-12-17,3D,0,0,,0,0,0,1,"Synthetic outcome generated for model development and pipeline testing only; not a legal, statutory, or empirical real-world benchmark."
SYN-00610,NORMAL,12,2019-03-13,2020-02-06,3D,1,161,169.0,1,2,3,0,"Synthetic outcome generated for model development and pipeline testing only; not a legal, statutory, or empirical real-world benchmark."
SYN-00611,LEGAL_DELAY,14,2019-04-21,2020-05-15,3D,1,169,221.0,1,2,3,1,"Synthetic outcome generated for model development and pipeline testing only; not a legal, statutory, or empirical real-world benchmark."
SYN-00612,DOCUMENTATION_DELAY,10,2025-02-09,2025-11-06,3D,1,39,231.0,1,2,3,1,"Synthetic outcome generated for model development and pipeline testing only; not a legal, statutory, or empirical real-world benchmark."
SYN-00613,NORMAL,9,2019-04-14,2019-12-10,3D,0,0,,0,0,0,0,"Synthetic outcome generated for model development and pipeline testing only; not a legal, statutory, or empirical real-world benchmark."
SYN-00614,MULTI_FACTOR_DELAY,9,2025-12-26,2026-08-23,3A,1,133,107.0,1,2,3,0,"Synthetic outcome generated for model development and pipeline testing only; not a legal, statutory, or empirical real-world benchmark."
SYN-00615,NORMAL,11,2023-01-26,2023-11-22,3D,0,0,,0,0,0,0,"Synthetic outcome generated for model development and pipeline testing only; not a legal, statutory, or empirical real-world benchmark."
SYN-00616,NORMAL,12,2025-12-05,2026-10-31,3D,0,0,,0,0,0,1,"Synthetic outcome generated for model development and pipeline testing only; not a legal, statutory, or empirical real-world benchmark."
SYN-00617,NORMAL,11,2025-06-09,2026-04-05,3D,0,0,,0,0,0,0,"Synthetic outcome generated for model development and pipeline testing only; not a legal, statutory, or empirical real-world benchmark."
SYN-00618,RNR_DELAY,10,2025-03-05,2025-11-30,3D,0,0,,0,0,0,1,"Synthetic outcome generated for model development and pipeline testing only; not a legal, statutory, or empirical real-world benchmark."
SYN-00619,LEGAL_DELAY,11,2025-02-10,2025-12-07,3D,0,0,,0,0,0,1,"Synthetic outcome generated for model development and pipeline testing only; not a legal, statutory, or empirical real-world benchmark."
SYN-00620,MULTI_FACTOR_DELAY,9,2025-02-09,2025-10-07,3A,1,94,146.0,1,2,3,0,"Synthetic outcome generated for model development and pipeline testing only; not a legal, statutory, or empirical real-world benchmark."
SYN-00621,MULTI_FACTOR_DELAY,14,2025-06-15,2026-07-10,3A,1,209,181.0,1,2,3,0,"Synthetic outcome generated for model development and pipeline testing only; not a legal, statutory, or empirical real-world benchmark."
SYN-00622,NORMAL,15,2019-06-28,2020-08-21,3D,0,0,,0,0,0,1,"Synthetic outcome generated for model development and pipeline testing only; not a legal, statutory, or empirical real-world benchmark."
SYN-00623,COMPENSATION_DELAY,13,2022-12-26,2023-12-21,3D,0,0,,0,0,0,0,"Synthetic outcome generated for model development and pipeline testing only; not a legal, statutory, or empirical real-world benchmark."
SYN-00624,COMPENSATION_DELAY,11,2024-04-22,2025-02-16,3D,0,0,,0,0,0,0,"Synthetic outcome generated for model development and pipeline testing only; not a legal, statutory, or empirical real-world benchmark."
SYN-00625,RNR_DELAY,14,2023-04-18,2024-05-12,3D,1,143,247.0,1,2,3,0,"Synthetic outcome generated for model development and pipeline testing only; not a legal, statutory, or empirical real-world benchmark."
SYN-00626,LEGAL_DELAY,11,2022-04-24,2023-02-18,3D,0,0,,0,0,0,0,"Synthetic outcome generated for model development and pipeline testing only; not a legal, statutory, or empirical real-world benchmark."
SYN-00627,NORMAL,15,2019-09-30,2020-11-23,3D,0,0,,0,0,0,0,"Synthetic outcome generated for model development and pipeline testing only; not a legal, statutory, or empirical real-world benchmark."
SYN-00628,RNR_DELAY,13,2019-09-16,2020-09-10,3D,0,0,,0,0,0,0,"Synthetic outcome generated for model development and pipeline testing only; not a legal, statutory, or empirical real-world benchmark."
SYN-00629,MULTI_FACTOR_DELAY,13,2019-01-30,2020-01-25,3A,0,0,,0,0,0,0,"Synthetic outcome generated for model development and pipeline testing only; not a legal, statutory, or empirical real-world benchmark."
SYN-00630,NORMAL,11,2024-12-27,2025-10-23,3D,0,0,,0,0,0,1,"Synthetic outcome generated for model development and pipeline testing only; not a legal, statutory, or empirical real-world benchmark."
SYN-00631,NORMAL,10,2025-12-02,2026-08-29,3D,1,95,175.0,1,2,3,0,"Synthetic outcome generated for model development and pipeline testing only; not a legal, statutory, or empirical real-world benchmark."
SYN-00632,ADMINISTRATIVE_BOTTLENECK,8,2020-03-07,2020-10-03,3D,1,82,128.0,1,2,3,0,"Synthetic outcome generated for model development and pipeline testing only; not a legal, statutory, or empirical real-world benchmark."
SYN-00633,NORMAL,13,2023-11-11,2024-11-05,3D,0,0,,0,0,0,0,"Synthetic outcome generated for model development and pipeline testing only; not a legal, statutory, or empirical real-world benchmark."
SYN-00634,MULTI_FACTOR_DELAY,15,2019-03-13,2020-05-06,3A,1,252,168.0,1,2,3,0,"Synthetic outcome generated for model development and pipeline testing only; not a legal, statutory, or empirical real-world benchmark."
SYN-00635,NORMAL,9,2019-03-01,2019-10-27,3D,0,0,,0,0,0,0,"Synthetic outcome generated for model development and pipeline testing only; not a legal, statutory, or empirical real-world benchmark."
SYN-00636,NORMAL,8,2020-03-09,2020-10-05,3D,0,0,,0,0,0,0,"Synthetic outcome generated for model development and pipeline testing only; not a legal, statutory, or empirical real-world benchmark."
SYN-00637,NORMAL,12,2022-08-27,2023-07-23,3D,0,0,,0,0,0,0,"Synthetic outcome generated for model development and pipeline testing only; not a legal, statutory, or empirical real-world benchmark."
SYN-00638,LEGAL_DELAY,15,2025-07-16,2026-09-09,3D,1,52,368.0,1,2,3,1,"Synthetic outcome generated for model development and pipeline testing only; not a legal, statutory, or empirical real-world benchmark."
SYN-00639,DOCUMENTATION_DELAY,12,2023-10-21,2024-09-15,3D,1,135,195.0,1,2,3,0,"Synthetic outcome generated for model development and pipeline testing only; not a legal, statutory, or empirical real-world benchmark."
SYN-00640,NORMAL,9,2025-06-12,2026-02-07,3D,0,0,,0,0,0,0,"Synthetic outcome generated for model development and pipeline testing only; not a legal, statutory, or empirical real-world benchmark."
SYN-00641,RECOVERY,8,2022-05-17,2022-12-13,3D,1,73,137.0,1,2,3,0,"Synthetic outcome generated for model development and pipeline testing only; not a legal, statutory, or empirical real-world benchmark."
SYN-00642,NORMAL,13,2024-09-24,2025-09-19,3D,0,0,,0,0,0,0,"Synthetic outcome generated for model development and pipeline testing only; not a legal, statutory, or empirical real-world benchmark."
SYN-00643,ADMINISTRATIVE_BOTTLENECK,15,2019-08-30,2020-10-23,3D,1,264,156.0,1,2,3,0,"Synthetic outcome generated for model development and pipeline testing only; not a legal, statutory, or empirical real-world benchmark."
SYN-00644,NORMAL,13,2024-04-08,2025-04-03,3D,0,0,,0,0,0,0,"Synthetic outcome generated for model development and pipeline testing only; not a legal, statutory, or empirical real-world benchmark."
SYN-00645,ADMINISTRATIVE_BOTTLENECK,12,2023-08-04,2024-06-29,3D,1,125,205.0,1,2,3,1,"Synthetic outcome generated for model development and pipeline testing only; not a legal, statutory, or empirical real-world benchmark."
SYN-00646,NORMAL,15,2023-10-24,2024-12-17,3D,0,0,,0,0,0,0,"Synthetic outcome generated for model development and pipeline testing only; not a legal, statutory, or empirical real-world benchmark."
SYN-00647,COMPENSATION_DELAY,11,2022-03-24,2023-01-18,3D,1,117,183.0,1,2,3,1,"Synthetic outcome generated for model development and pipeline testing only; not a legal, statutory, or empirical real-world benchmark."
SYN-00648,NORMAL,15,2025-11-19,2027-01-13,3D,1,214,206.0,1,2,3,0,"Synthetic outcome generated for model development and pipeline testing only; not a legal, statutory, or empirical real-world benchmark."
SYN-00649,NORMAL,12,2020-09-29,2021-08-25,3D,1,94,236.0,1,2,3,0,"Synthetic outcome generated for model development and pipeline testing only; not a legal, statutory, or empirical real-world benchmark."
SYN-00650,COMPENSATION_DELAY,8,2020-08-03,2021-03-01,3D,0,0,,0,0,0,1,"Synthetic outcome generated for model development and pipeline testing only; not a legal, statutory, or empirical real-world benchmark."
SYN-00651,NORMAL,14,2020-07-06,2021-07-31,3D,0,0,,0,0,0,0,"Synthetic outcome generated for model development and pipeline testing only; not a legal, statutory, or empirical real-world benchmark."
SYN-00652,NORMAL,14,2020-08-08,2021-09-02,3D,0,0,,0,0,0,0,"Synthetic outcome generated for model development and pipeline testing only; not a legal, statutory, or empirical real-world benchmark."
SYN-00653,RECOVERY,15,2019-04-18,2020-06-11,3D,0,0,,0,0,0,0,"Synthetic outcome generated for model development and pipeline testing only; not a legal, statutory, or empirical real-world benchmark."
SYN-00654,RNR_DELAY,14,2023-08-11,2024-09-04,3D,1,125,265.0,1,2,3,1,"Synthetic outcome generated for model development and pipeline testing only; not a legal, statutory, or empirical real-world benchmark."
SYN-00655,NORMAL,10,2021-11-16,2022-08-13,3D,1,106,164.0,1,2,3,0,"Synthetic outcome generated for model development and pipeline testing only; not a legal, statutory, or empirical real-world benchmark."
SYN-00656,NORMAL,12,2024-07-09,2025-06-04,3D,0,0,,0,0,0,0,"Synthetic outcome generated for model development and pipeline testing only; not a legal, statutory, or empirical real-world benchmark."
SYN-00657,RECOVERY,14,2023-06-08,2024-07-02,3D,1,95,295.0,1,2,3,0,"Synthetic outcome generated for model development and pipeline testing only; not a legal, statutory, or empirical real-world benchmark."
SYN-00658,ADMINISTRATIVE_BOTTLENECK,12,2021-02-27,2022-01-23,3D,0,0,,0,0,0,0,"Synthetic outcome generated for model development and pipeline testing only; not a legal, statutory, or empirical real-world benchmark."
SYN-00659,NORMAL,13,2020-10-30,2021-10-25,3D,0,0,,0,0,0,0,"Synthetic outcome generated for model development and pipeline testing only; not a legal, statutory, or empirical real-world benchmark."
SYN-00660,ADMINISTRATIVE_BOTTLENECK,14,2022-01-07,2023-02-01,3D,1,299,91.0,1,2,3,0,"Synthetic outcome generated for model development and pipeline testing only; not a legal, statutory, or empirical real-world benchmark."
SYN-00661,ADMINISTRATIVE_BOTTLENECK,10,2025-03-20,2025-12-15,3D,1,155,115.0,1,2,3,0,"Synthetic outcome generated for model development and pipeline testing only; not a legal, statutory, or empirical real-world benchmark."
SYN-00662,NORMAL,12,2024-07-24,2025-06-19,3D,0,0,,0,0,0,0,"Synthetic outcome generated for model development and pipeline testing only; not a legal, statutory, or empirical real-world benchmark."
SYN-00663,NORMAL,10,2019-04-18,2020-01-13,3D,1,149,121.0,1,2,3,0,"Synthetic outcome generated for model development and pipeline testing only; not a legal, statutory, or empirical real-world benchmark."
SYN-00664,MULTI_FACTOR_DELAY,9,2020-01-21,2020-09-17,3A,1,47,193.0,1,2,3,1,"Synthetic outcome generated for model development and pipeline testing only; not a legal, statutory, or empirical real-world benchmark."
SYN-00665,LEGAL_DELAY,15,2020-03-04,2021-04-28,3D,1,131,289.0,1,2,3,0,"Synthetic outcome generated for model development and pipeline testing only; not a legal, statutory, or empirical real-world benchmark."
SYN-00666,NORMAL,13,2020-12-03,2021-11-28,3D,0,0,,0,0,0,0,"Synthetic outcome generated for model development and pipeline testing only; not a legal, statutory, or empirical real-world benchmark."
SYN-00667,RECOVERY,12,2023-03-07,2024-01-31,3D,0,0,,0,0,0,0,"Synthetic outcome generated for model development and pipeline testing only; not a legal, statutory, or empirical real-world benchmark."
SYN-00668,RNR_DELAY,9,2023-03-01,2023-10-27,3D,0,0,,0,0,0,0,"Synthetic outcome generated for model development and pipeline testing only; not a legal, statutory, or empirical real-world benchmark."
SYN-00669,DOCUMENTATION_DELAY,15,2022-12-06,2024-01-30,3D,1,108,312.0,1,2,3,0,"Synthetic outcome generated for model development and pipeline testing only; not a legal, statutory, or empirical real-world benchmark."
SYN-00670,ADMINISTRATIVE_BOTTLENECK,11,2024-11-21,2025-09-17,3D,1,191,109.0,1,2,3,0,"Synthetic outcome generated for model development and pipeline testing only; not a legal, statutory, or empirical real-world benchmark."
SYN-00671,NORMAL,15,2019-09-15,2020-11-08,3D,0,0,,0,0,0,0,"Synthetic outcome generated for model development and pipeline testing only; not a legal, statutory, or empirical real-world benchmark."
SYN-00672,NORMAL,15,2024-09-06,2025-10-31,3D,0,0,,0,0,0,1,"Synthetic outcome generated for model development and pipeline testing only; not a legal, statutory, or empirical real-world benchmark."
SYN-00673,MULTI_FACTOR_DELAY,11,2019-04-07,2020-02-01,3A,1,46,254.0,1,2,3,0,"Synthetic outcome generated for model development and pipeline testing only; not a legal, statutory, or empirical real-world benchmark."
SYN-00674,LEGAL_DELAY,8,2020-07-15,2021-02-10,3D,0,0,,0,0,0,0,"Synthetic outcome generated for model development and pipeline testing only; not a legal, statutory, or empirical real-world benchmark."
SYN-00675,NORMAL,13,2023-09-14,2024-09-08,3D,0,0,,0,0,0,0,"Synthetic outcome generated for model development and pipeline testing only; not a legal, statutory, or empirical real-world benchmark."
SYN-00676,RNR_DELAY,14,2022-12-28,2024-01-22,3D,0,0,,0,0,0,0,"Synthetic outcome generated for model development and pipeline testing only; not a legal, statutory, or empirical real-world benchmark."
SYN-00677,DOCUMENTATION_DELAY,13,2020-08-30,2021-08-25,3D,1,49,311.0,1,2,3,0,"Synthetic outcome generated for model development and pipeline testing only; not a legal, statutory, or empirical real-world benchmark."
SYN-00678,NORMAL,8,2019-08-30,2020-03-27,3D,0,0,,0,0,0,0,"Synthetic outcome generated for model development and pipeline testing only; not a legal, statutory, or empirical real-world benchmark."
SYN-00679,NORMAL,10,2019-09-30,2020-06-26,3D,0,0,,0,0,0,0,"Synthetic outcome generated for model development and pipeline testing only; not a legal, statutory, or empirical real-world benchmark."
SYN-00680,LEGAL_DELAY,12,2023-03-24,2024-02-17,3D,1,220,110.0,1,2,3,0,"Synthetic outcome generated for model development and pipeline testing only; not a legal, statutory, or empirical real-world benchmark."
SYN-00681,NORMAL,15,2024-01-23,2025-03-18,3D,0,0,,0,0,0,0,"Synthetic outcome generated for model development and pipeline testing only; not a legal, statutory, or empirical real-world benchmark."
SYN-00682,NORMAL,9,2024-02-18,2024-10-15,3D,0,0,,0,0,0,0,"Synthetic outcome generated for model development and pipeline testing only; not a legal, statutory, or empirical real-world benchmark."
SYN-00683,NORMAL,15,2020-11-11,2022-01-05,3D,0,0,,0,0,0,1,"Synthetic outcome generated for model development and pipeline testing only; not a legal, statutory, or empirical real-world benchmark."
SYN-00684,COMPENSATION_DELAY,15,2024-03-28,2025-05-22,3D,0,0,,0,0,0,0,"Synthetic outcome generated for model development and pipeline testing only; not a legal, statutory, or empirical real-world benchmark."
SYN-00685,NORMAL,12,2022-01-11,2022-12-07,3D,0,0,,0,0,0,0,"Synthetic outcome generated for model development and pipeline testing only; not a legal, statutory, or empirical real-world benchmark."
SYN-00686,NORMAL,14,2023-08-11,2024-09-04,3D,0,0,,0,0,0,0,"Synthetic outcome generated for model development and pipeline testing only; not a legal, statutory, or empirical real-world benchmark."
SYN-00687,DOCUMENTATION_DELAY,12,2025-12-26,2026-11-21,3D,0,0,,0,0,0,0,"Synthetic outcome generated for model development and pipeline testing only; not a legal, statutory, or empirical real-world benchmark."
SYN-00688,NORMAL,15,2025-08-19,2026-10-13,3D,0,0,,0,0,0,1,"Synthetic outcome generated for model development and pipeline testing only; not a legal, statutory, or empirical real-world benchmark."
SYN-00689,NORMAL,14,2024-07-05,2025-07-30,3D,0,0,,0,0,0,0,"Synthetic outcome generated for model development and pipeline testing only; not a legal, statutory, or empirical real-world benchmark."
SYN-00690,NORMAL,12,2025-05-14,2026-04-09,3D,1,144,186.0,1,2,3,1,"Synthetic outcome generated for model development and pipeline testing only; not a legal, statutory, or empirical real-world benchmark."
SYN-00691,NORMAL,15,2025-04-08,2026-06-02,3D,1,285,135.0,1,2,3,0,"Synthetic outcome generated for model development and pipeline testing only; not a legal, statutory, or empirical real-world benchmark."
SYN-00692,RNR_DELAY,15,2022-05-27,2023-07-21,3D,1,309,111.0,1,2,3,0,"Synthetic outcome generated for model development and pipeline testing only; not a legal, statutory, or empirical real-world benchmark."
SYN-00693,NORMAL,14,2025-09-21,2026-10-16,3D,1,178,212.0,1,2,3,0,"Synthetic outcome generated for model development and pipeline testing only; not a legal, statutory, or empirical real-world benchmark."
SYN-00694,NORMAL,10,2020-06-30,2021-03-27,3D,0,0,,0,0,0,0,"Synthetic outcome generated for model development and pipeline testing only; not a legal, statutory, or empirical real-world benchmark."
SYN-00695,NORMAL,8,2021-10-12,2022-05-10,3D,0,0,,0,0,0,0,"Synthetic outcome generated for model development and pipeline testing only; not a legal, statutory, or empirical real-world benchmark."
SYN-00696,NORMAL,8,2020-09-20,2021-04-18,3D,1,55,155.0,1,2,3,0,"Synthetic outcome generated for model development and pipeline testing only; not a legal, statutory, or empirical real-world benchmark."
SYN-00697,DOCUMENTATION_DELAY,10,2021-11-26,2022-08-23,3D,1,57,213.0,1,2,3,0,"Synthetic outcome generated for model development and pipeline testing only; not a legal, statutory, or empirical real-world benchmark."
SYN-00698,COMPENSATION_DELAY,11,2025-03-21,2026-01-15,3D,0,0,,0,0,0,0,"Synthetic outcome generated for model development and pipeline testing only; not a legal, statutory, or empirical real-world benchmark."
SYN-00699,RECOVERY,15,2023-10-28,2024-12-21,3D,0,0,,0,0,0,0,"Synthetic outcome generated for model development and pipeline testing only; not a legal, statutory, or empirical real-world benchmark."
SYN-00700,NORMAL,14,2022-09-18,2023-10-13,3D,0,0,,0,0,0,0,"Synthetic outcome generated for model development and pipeline testing only; not a legal, statutory, or empirical real-world benchmark."
SYN-00701,MULTI_FACTOR_DELAY,14,2020-06-30,2021-07-25,3A,1,277,113.0,1,2,3,0,"Synthetic outcome generated for model development and pipeline testing only; not a legal, statutory, or empirical real-world benchmark."
SYN-00702,NORMAL,15,2022-08-24,2023-10-18,3D,0,0,,0,0,0,0,"Synthetic outcome generated for model development and pipeline testing only; not a legal, statutory, or empirical real-world benchmark."
SYN-00703,NORMAL,15,2024-03-29,2025-05-23,3D,0,0,,0,0,0,0,"Synthetic outcome generated for model development and pipeline testing only; not a legal, statutory, or empirical real-world benchmark."
SYN-00704,RECOVERY,15,2024-06-18,2025-08-12,3D,1,185,235.0,1,2,3,0,"Synthetic outcome generated for model development and pipeline testing only; not a legal, statutory, or empirical real-world benchmark."
SYN-00705,NORMAL,9,2024-12-15,2025-08-12,3D,0,0,,0,0,0,0,"Synthetic outcome generated for model development and pipeline testing only; not a legal, statutory, or empirical real-world benchmark."
SYN-00706,NORMAL,14,2020-07-12,2021-08-06,3D,0,0,,0,0,0,0,"Synthetic outcome generated for model development and pipeline testing only; not a legal, statutory, or empirical real-world benchmark."
SYN-00707,NORMAL,14,2022-01-06,2023-01-31,3D,0,0,,0,0,0,1,"Synthetic outcome generated for model development and pipeline testing only; not a legal, statutory, or empirical real-world benchmark."
SYN-00708,MULTI_FACTOR_DELAY,10,2024-11-25,2025-08-22,3A,1,163,107.0,1,2,3,0,"Synthetic outcome generated for model development and pipeline testing only; not a legal, statutory, or empirical real-world benchmark."
SYN-00709,NORMAL,8,2021-04-29,2021-11-25,3D,1,139,71.0,1,2,3,0,"Synthetic outcome generated for model development and pipeline testing only; not a legal, statutory, or empirical real-world benchmark."
SYN-00710,NORMAL,12,2022-05-06,2023-04-01,3D,0,0,,0,0,0,0,"Synthetic outcome generated for model development and pipeline testing only; not a legal, statutory, or empirical real-world benchmark."
SYN-00711,RECOVERY,13,2019-07-01,2020-06-25,3D,1,252,108.0,1,2,3,0,"Synthetic outcome generated for model development and pipeline testing only; not a legal, statutory, or empirical real-world benchmark."
SYN-00712,MULTI_FACTOR_DELAY,13,2023-12-02,2024-11-26,3A,1,199,161.0,1,2,3,1,"Synthetic outcome generated for model development and pipeline testing only; not a legal, statutory, or empirical real-world benchmark."
SYN-00713,LEGAL_DELAY,12,2022-11-20,2023-10-16,3D,1,155,175.0,1,2,3,0,"Synthetic outcome generated for model development and pipeline testing only; not a legal, statutory, or empirical real-world benchmark."
SYN-00714,MULTI_FACTOR_DELAY,10,2023-08-27,2024-05-23,3A,1,90,180.0,1,2,3,0,"Synthetic outcome generated for model development and pipeline testing only; not a legal, statutory, or empirical real-world benchmark."
SYN-00715,MULTI_FACTOR_DELAY,14,2025-11-07,2026-12-02,3A,1,240,150.0,1,2,3,1,"Synthetic outcome generated for model development and pipeline testing only; not a legal, statutory, or empirical real-world benchmark."
SYN-00716,RECOVERY,11,2022-04-19,2023-02-13,3D,0,0,,0,0,0,0,"Synthetic outcome generated for model development and pipeline testing only; not a legal, statutory, or empirical real-world benchmark."
SYN-00717,NORMAL,12,2020-10-05,2021-08-31,3D,0,0,,0,0,0,1,"Synthetic outcome generated for model development and pipeline testing only; not a legal, statutory, or empirical real-world benchmark."
SYN-00718,NORMAL,8,2024-01-24,2024-08-21,3D,0,0,,0,0,0,0,"Synthetic outcome generated for model development and pipeline testing only; not a legal, statutory, or empirical real-world benchmark."
SYN-00719,NORMAL,11,2022-10-19,2023-08-15,3D,0,0,,0,0,0,0,"Synthetic outcome generated for model development and pipeline testing only; not a legal, statutory, or empirical real-world benchmark."
SYN-00720,NORMAL,9,2019-11-24,2020-07-21,3D,0,0,,0,0,0,0,"Synthetic outcome generated for model development and pipeline testing only; not a legal, statutory, or empirical real-world benchmark."
SYN-00721,NORMAL,11,2020-03-08,2021-01-02,3D,0,0,,0,0,0,0,"Synthetic outcome generated for model development and pipeline testing only; not a legal, statutory, or empirical real-world benchmark."
SYN-00722,NORMAL,13,2020-07-16,2021-07-11,3D,0,0,,0,0,0,1,"Synthetic outcome generated for model development and pipeline testing only; not a legal, statutory, or empirical real-world benchmark."
SYN-00723,NORMAL,13,2025-03-24,2026-03-19,3D,0,0,,0,0,0,0,"Synthetic outcome generated for model development and pipeline testing only; not a legal, statutory, or empirical real-world benchmark."
SYN-00724,NORMAL,10,2025-11-28,2026-08-25,3D,0,0,,0,0,0,0,"Synthetic outcome generated for model development and pipeline testing only; not a legal, statutory, or empirical real-world benchmark."
SYN-00725,RNR_DELAY,12,2025-02-10,2026-01-06,3D,1,101,229.0,1,2,3,1,"Synthetic outcome generated for model development and pipeline testing only; not a legal, statutory, or empirical real-world benchmark."
SYN-00726,RNR_DELAY,9,2024-03-16,2024-11-11,3D,1,92,148.0,1,2,3,0,"Synthetic outcome generated for model development and pipeline testing only; not a legal, statutory, or empirical real-world benchmark."
SYN-00727,NORMAL,8,2024-03-19,2024-10-15,3D,1,130,80.0,1,2,3,1,"Synthetic outcome generated for model development and pipeline testing only; not a legal, statutory, or empirical real-world benchmark."
SYN-00728,NORMAL,8,2025-11-12,2026-06-10,3D,0,0,,0,0,0,1,"Synthetic outcome generated for model development and pipeline testing only; not a legal, statutory, or empirical real-world benchmark."
SYN-00729,NORMAL,10,2020-04-25,2021-01-20,3D,0,0,,0,0,0,1,"Synthetic outcome generated for model development and pipeline testing only; not a legal, statutory, or empirical real-world benchmark."
SYN-00730,RNR_DELAY,9,2021-12-21,2022-08-18,3D,0,0,,0,0,0,1,"Synthetic outcome generated for model development and pipeline testing only; not a legal, statutory, or empirical real-world benchmark."
SYN-00731,MULTI_FACTOR_DELAY,12,2019-03-12,2020-02-05,3A,1,193,137.0,1,2,3,0,"Synthetic outcome generated for model development and pipeline testing only; not a legal, statutory, or empirical real-world benchmark."
SYN-00732,NORMAL,8,2024-01-14,2024-08-11,3D,0,0,,0,0,0,0,"Synthetic outcome generated for model development and pipeline testing only; not a legal, statutory, or empirical real-world benchmark."
SYN-00733,ADMINISTRATIVE_BOTTLENECK,14,2021-01-31,2022-02-25,3D,1,146,244.0,1,2,3,0,"Synthetic outcome generated for model development and pipeline testing only; not a legal, statutory, or empirical real-world benchmark."
SYN-00734,NORMAL,8,2022-10-31,2023-05-29,3D,0,0,,0,0,0,0,"Synthetic outcome generated for model development and pipeline testing only; not a legal, statutory, or empirical real-world benchmark."
SYN-00735,ADMINISTRATIVE_BOTTLENECK,12,2019-07-08,2020-06-02,3D,1,133,197.0,1,2,3,1,"Synthetic outcome generated for model development and pipeline testing only; not a legal, statutory, or empirical real-world benchmark."
SYN-00736,RECOVERY,15,2022-01-24,2023-03-20,3D,0,0,,0,0,0,1,"Synthetic outcome generated for model development and pipeline testing only; not a legal, statutory, or empirical real-world benchmark."
SYN-00737,RNR_DELAY,15,2020-03-28,2021-05-22,3D,1,201,219.0,1,2,3,0,"Synthetic outcome generated for model development and pipeline testing only; not a legal, statutory, or empirical real-world benchmark."
SYN-00738,ADMINISTRATIVE_BOTTLENECK,15,2023-10-31,2024-12-24,3D,1,311,109.0,1,2,3,0,"Synthetic outcome generated for model development and pipeline testing only; not a legal, statutory, or empirical real-world benchmark."
SYN-00739,RECOVERY,13,2025-01-23,2026-01-18,3D,1,146,214.0,1,2,3,0,"Synthetic outcome generated for model development and pipeline testing only; not a legal, statutory, or empirical real-world benchmark."
SYN-00740,COMPENSATION_DELAY,10,2020-02-03,2020-10-30,3D,1,136,134.0,1,2,3,0,"Synthetic outcome generated for model development and pipeline testing only; not a legal, statutory, or empirical real-world benchmark."
SYN-00741,LEGAL_DELAY,9,2021-01-20,2021-09-17,3D,0,0,,0,0,0,0,"Synthetic outcome generated for model development and pipeline testing only; not a legal, statutory, or empirical real-world benchmark."
SYN-00742,MULTI_FACTOR_DELAY,14,2025-07-28,2026-08-22,3A,1,211,179.0,1,2,3,0,"Synthetic outcome generated for model development and pipeline testing only; not a legal, statutory, or empirical real-world benchmark."
SYN-00743,NORMAL,10,2020-12-12,2021-09-08,3D,0,0,,0,0,0,0,"Synthetic outcome generated for model development and pipeline testing only; not a legal, statutory, or empirical real-world benchmark."
SYN-00744,RECOVERY,14,2025-12-23,2027-01-17,3D,0,0,,0,0,0,0,"Synthetic outcome generated for model development and pipeline testing only; not a legal, statutory, or empirical real-world benchmark."
SYN-00745,NORMAL,14,2021-04-10,2022-05-05,3D,0,0,,0,0,0,0,"Synthetic outcome generated for model development and pipeline testing only; not a legal, statutory, or empirical real-world benchmark."
SYN-00746,ADMINISTRATIVE_BOTTLENECK,14,2022-01-10,2023-02-04,3D,1,160,230.0,1,2,3,0,"Synthetic outcome generated for model development and pipeline testing only; not a legal, statutory, or empirical real-world benchmark."
SYN-00747,RECOVERY,9,2022-05-08,2023-01-03,3D,0,0,,0,0,0,0,"Synthetic outcome generated for model development and pipeline testing only; not a legal, statutory, or empirical real-world benchmark."
SYN-00748,COMPENSATION_DELAY,11,2021-07-13,2022-05-09,3D,1,159,141.0,1,2,3,0,"Synthetic outcome generated for model development and pipeline testing only; not a legal, statutory, or empirical real-world benchmark."
SYN-00749,NORMAL,12,2024-01-29,2024-12-24,3D,0,0,,0,0,0,0,"Synthetic outcome generated for model development and pipeline testing only; not a legal, statutory, or empirical real-world benchmark."
SYN-00750,RNR_DELAY,12,2019-11-28,2020-10-23,3D,1,184,146.0,1,2,3,0,"Synthetic outcome generated for model development and pipeline testing only; not a legal, statutory, or empirical real-world benchmark."
SYN-00751,RNR_DELAY,9,2024-11-16,2025-07-14,3D,0,0,,0,0,0,0,"Synthetic outcome generated for model development and pipeline testing only; not a legal, statutory, or empirical real-world benchmark."
SYN-00752,ADMINISTRATIVE_BOTTLENECK,14,2024-04-30,2025-05-25,3D,1,161,229.0,1,2,3,0,"Synthetic outcome generated for model development and pipeline testing only; not a legal, statutory, or empirical real-world benchmark."
SYN-00753,NORMAL,12,2024-07-20,2025-06-15,3D,0,0,,0,0,0,0,"Synthetic outcome generated for model development and pipeline testing only; not a legal, statutory, or empirical real-world benchmark."
SYN-00754,RECOVERY,10,2021-02-13,2021-11-10,3D,0,0,,0,0,0,1,"Synthetic outcome generated for model development and pipeline testing only; not a legal, statutory, or empirical real-world benchmark."
SYN-00755,NORMAL,9,2023-01-09,2023-09-06,3D,0,0,,0,0,0,1,"Synthetic outcome generated for model development and pipeline testing only; not a legal, statutory, or empirical real-world benchmark."
SYN-00756,DOCUMENTATION_DELAY,11,2019-05-08,2020-03-03,3D,1,201,99.0,1,2,3,1,"Synthetic outcome generated for model development and pipeline testing only; not a legal, statutory, or empirical real-world benchmark."
SYN-00757,ADMINISTRATIVE_BOTTLENECK,15,2019-06-01,2020-07-25,3D,1,184,236.0,1,2,3,0,"Synthetic outcome generated for model development and pipeline testing only; not a legal, statutory, or empirical real-world benchmark."
SYN-00758,ADMINISTRATIVE_BOTTLENECK,11,2025-11-09,2026-09-05,3D,1,94,206.0,1,2,3,0,"Synthetic outcome generated for model development and pipeline testing only; not a legal, statutory, or empirical real-world benchmark."
SYN-00759,MULTI_FACTOR_DELAY,9,2024-06-04,2025-01-30,3A,1,96,144.0,1,2,3,0,"Synthetic outcome generated for model development and pipeline testing only; not a legal, statutory, or empirical real-world benchmark."
SYN-00760,NORMAL,8,2022-11-11,2023-06-09,3D,0,0,,0,0,0,0,"Synthetic outcome generated for model development and pipeline testing only; not a legal, statutory, or empirical real-world benchmark."
SYN-00761,ADMINISTRATIVE_BOTTLENECK,14,2022-09-11,2023-10-06,3D,0,0,,0,0,0,1,"Synthetic outcome generated for model development and pipeline testing only; not a legal, statutory, or empirical real-world benchmark."
SYN-00762,COMPENSATION_DELAY,13,2021-04-01,2022-03-27,3D,1,185,175.0,1,2,3,1,"Synthetic outcome generated for model development and pipeline testing only; not a legal, statutory, or empirical real-world benchmark."
SYN-00763,NORMAL,14,2020-01-14,2021-02-07,3D,0,0,,0,0,0,0,"Synthetic outcome generated for model development and pipeline testing only; not a legal, statutory, or empirical real-world benchmark."
SYN-00764,LEGAL_DELAY,8,2023-02-07,2023-09-05,3D,1,87,123.0,1,2,3,0,"Synthetic outcome generated for model development and pipeline testing only; not a legal, statutory, or empirical real-world benchmark."
SYN-00765,ADMINISTRATIVE_BOTTLENECK,8,2022-07-21,2023-02-16,3D,1,41,169.0,1,2,3,0,"Synthetic outcome generated for model development and pipeline testing only; not a legal, statutory, or empirical real-world benchmark."
SYN-00766,NORMAL,13,2023-05-31,2024-05-25,3D,1,95,265.0,1,2,3,0,"Synthetic outcome generated for model development and pipeline testing only; not a legal, statutory, or empirical real-world benchmark."
SYN-00767,NORMAL,9,2020-11-07,2021-07-05,3D,0,0,,0,0,0,1,"Synthetic outcome generated for model development and pipeline testing only; not a legal, statutory, or empirical real-world benchmark."
SYN-00768,MULTI_FACTOR_DELAY,9,2021-11-06,2022-07-04,3A,1,67,173.0,1,2,3,1,"Synthetic outcome generated for model development and pipeline testing only; not a legal, statutory, or empirical real-world benchmark."
SYN-00769,RECOVERY,12,2020-04-23,2021-03-19,3D,0,0,,0,0,0,0,"Synthetic outcome generated for model development and pipeline testing only; not a legal, statutory, or empirical real-world benchmark."
SYN-00770,RECOVERY,13,2023-08-06,2024-07-31,3D,0,0,,0,0,0,0,"Synthetic outcome generated for model development and pipeline testing only; not a legal, statutory, or empirical real-world benchmark."
SYN-00771,NORMAL,9,2022-12-27,2023-08-24,3D,0,0,,0,0,0,0,"Synthetic outcome generated for model development and pipeline testing only; not a legal, statutory, or empirical real-world benchmark."
SYN-00772,NORMAL,15,2021-04-18,2022-06-12,3D,0,0,,0,0,0,1,"Synthetic outcome generated for model development and pipeline testing only; not a legal, statutory, or empirical real-world benchmark."
SYN-00773,COMPENSATION_DELAY,10,2019-12-30,2020-09-25,3D,1,114,156.0,1,2,3,0,"Synthetic outcome generated for model development and pipeline testing only; not a legal, statutory, or empirical real-world benchmark."
SYN-00774,NORMAL,9,2022-07-28,2023-03-25,3D,0,0,,0,0,0,0,"Synthetic outcome generated for model development and pipeline testing only; not a legal, statutory, or empirical real-world benchmark."
SYN-00775,ADMINISTRATIVE_BOTTLENECK,14,2023-07-09,2024-08-02,3D,0,0,,0,0,0,1,"Synthetic outcome generated for model development and pipeline testing only; not a legal, statutory, or empirical real-world benchmark."
SYN-00776,RNR_DELAY,14,2024-12-25,2026-01-19,3D,1,74,316.0,1,2,3,0,"Synthetic outcome generated for model development and pipeline testing only; not a legal, statutory, or empirical real-world benchmark."
SYN-00777,NORMAL,13,2022-03-01,2023-02-24,3D,0,0,,0,0,0,0,"Synthetic outcome generated for model development and pipeline testing only; not a legal, statutory, or empirical real-world benchmark."
SYN-00778,DOCUMENTATION_DELAY,10,2020-03-03,2020-11-28,3D,0,0,,0,0,0,0,"Synthetic outcome generated for model development and pipeline testing only; not a legal, statutory, or empirical real-world benchmark."
SYN-00779,DOCUMENTATION_DELAY,13,2023-11-14,2024-11-08,3D,1,115,245.0,1,2,3,0,"Synthetic outcome generated for model development and pipeline testing only; not a legal, statutory, or empirical real-world benchmark."
SYN-00780,MULTI_FACTOR_DELAY,10,2025-03-22,2025-12-17,3A,1,186,84.0,1,2,3,1,"Synthetic outcome generated for model development and pipeline testing only; not a legal, statutory, or empirical real-world benchmark."
SYN-00781,COMPENSATION_DELAY,8,2022-06-12,2023-01-08,3D,0,0,,0,0,0,1,"Synthetic outcome generated for model development and pipeline testing only; not a legal, statutory, or empirical real-world benchmark."
SYN-00782,NORMAL,13,2019-08-22,2020-08-16,3D,0,0,,0,0,0,0,"Synthetic outcome generated for model development and pipeline testing only; not a legal, statutory, or empirical real-world benchmark."
SYN-00783,LEGAL_DELAY,13,2022-12-13,2023-12-08,3D,1,167,193.0,1,2,3,0,"Synthetic outcome generated for model development and pipeline testing only; not a legal, statutory, or empirical real-world benchmark."
SYN-00784,COMPENSATION_DELAY,8,2025-07-15,2026-02-10,3D,1,69,141.0,1,2,3,0,"Synthetic outcome generated for model development and pipeline testing only; not a legal, statutory, or empirical real-world benchmark."
SYN-00785,NORMAL,12,2020-09-15,2021-08-11,3D,0,0,,0,0,0,0,"Synthetic outcome generated for model development and pipeline testing only; not a legal, statutory, or empirical real-world benchmark."
SYN-00786,ADMINISTRATIVE_BOTTLENECK,14,2021-09-15,2022-10-10,3D,1,217,173.0,1,2,3,0,"Synthetic outcome generated for model development and pipeline testing only; not a legal, statutory, or empirical real-world benchmark."
SYN-00787,MULTI_FACTOR_DELAY,9,2023-03-10,2023-11-05,3A,1,110,130.0,1,2,3,1,"Synthetic outcome generated for model development and pipeline testing only; not a legal, statutory, or empirical real-world benchmark."
SYN-00788,MULTI_FACTOR_DELAY,10,2023-03-07,2023-12-02,3A,1,94,176.0,1,2,3,0,"Synthetic outcome generated for model development and pipeline testing only; not a legal, statutory, or empirical real-world benchmark."
SYN-00789,NORMAL,10,2020-10-29,2021-07-26,3D,0,0,,0,0,0,0,"Synthetic outcome generated for model development and pipeline testing only; not a legal, statutory, or empirical real-world benchmark."
SYN-00790,RNR_DELAY,12,2020-09-14,2021-08-10,3D,1,193,137.0,1,2,3,0,"Synthetic outcome generated for model development and pipeline testing only; not a legal, statutory, or empirical real-world benchmark."
SYN-00791,NORMAL,15,2021-10-02,2022-11-26,3D,0,0,,0,0,0,0,"Synthetic outcome generated for model development and pipeline testing only; not a legal, statutory, or empirical real-world benchmark."
SYN-00792,RECOVERY,15,2024-09-16,2025-11-10,3D,1,174,246.0,1,2,3,0,"Synthetic outcome generated for model development and pipeline testing only; not a legal, statutory, or empirical real-world benchmark."
SYN-00793,COMPENSATION_DELAY,15,2021-03-25,2022-05-19,3D,1,288,132.0,1,2,3,1,"Synthetic outcome generated for model development and pipeline testing only; not a legal, statutory, or empirical real-world benchmark."
SYN-00794,NORMAL,15,2022-05-30,2023-07-24,3D,0,0,,0,0,0,0,"Synthetic outcome generated for model development and pipeline testing only; not a legal, statutory, or empirical real-world benchmark."
SYN-00795,RECOVERY,12,2021-07-06,2022-06-01,3D,1,174,156.0,1,2,3,0,"Synthetic outcome generated for model development and pipeline testing only; not a legal, statutory, or empirical real-world benchmark."
SYN-00796,RECOVERY,13,2022-04-16,2023-04-11,3D,1,81,279.0,1,2,3,0,"Synthetic outcome generated for model development and pipeline testing only; not a legal, statutory, or empirical real-world benchmark."
SYN-00797,RECOVERY,12,2022-09-05,2023-08-01,3D,0,0,,0,0,0,0,"Synthetic outcome generated for model development and pipeline testing only; not a legal, statutory, or empirical real-world benchmark."
SYN-00798,NORMAL,11,2022-07-12,2023-05-08,3D,0,0,,0,0,0,0,"Synthetic outcome generated for model development and pipeline testing only; not a legal, statutory, or empirical real-world benchmark."
SYN-00799,NORMAL,11,2024-01-07,2024-11-02,3D,1,189,111.0,1,2,3,0,"Synthetic outcome generated for model development and pipeline testing only; not a legal, statutory, or empirical real-world benchmark."
SYN-00800,RNR_DELAY,11,2022-09-28,2023-07-25,3D,0,0,,0,0,0,0,"Synthetic outcome generated for model development and pipeline testing only; not a legal, statutory, or empirical real-world benchmark."
SYN-00801,ADMINISTRATIVE_BOTTLENECK,11,2023-12-25,2024-10-20,3D,0,0,,0,0,0,0,"Synthetic outcome generated for model development and pipeline testing only; not a legal, statutory, or empirical real-world benchmark."
SYN-00802,NORMAL,8,2020-02-01,2020-08-29,3D,0,0,,0,0,0,0,"Synthetic outcome generated for model development and pipeline testing only; not a legal, statutory, or empirical real-world benchmark."
SYN-00803,MULTI_FACTOR_DELAY,12,2022-09-16,2023-08-12,3A,1,242,88.0,1,2,3,0,"Synthetic outcome generated for model development and pipeline testing only; not a legal, statutory, or empirical real-world benchmark."
SYN-00804,RECOVERY,13,2019-07-15,2020-07-09,3D,1,85,275.0,1,2,3,0,"Synthetic outcome generated for model development and pipeline testing only; not a legal, statutory, or empirical real-world benchmark."
SYN-00805,MULTI_FACTOR_DELAY,15,2022-12-07,2024-01-31,3A,1,255,165.0,1,2,3,1,"Synthetic outcome generated for model development and pipeline testing only; not a legal, statutory, or empirical real-world benchmark."
SYN-00806,RNR_DELAY,13,2019-12-17,2020-12-11,3D,0,0,,0,0,0,0,"Synthetic outcome generated for model development and pipeline testing only; not a legal, statutory, or empirical real-world benchmark."
SYN-00807,NORMAL,14,2024-05-28,2025-06-22,3D,0,0,,0,0,0,0,"Synthetic outcome generated for model development and pipeline testing only; not a legal, statutory, or empirical real-world benchmark."
SYN-00808,NORMAL,8,2020-10-11,2021-05-09,3D,0,0,,0,0,0,1,"Synthetic outcome generated for model development and pipeline testing only; not a legal, statutory, or empirical real-world benchmark."
SYN-00809,NORMAL,12,2025-07-26,2026-06-21,3D,0,0,,0,0,0,0,"Synthetic outcome generated for model development and pipeline testing only; not a legal, statutory, or empirical real-world benchmark."
SYN-00810,NORMAL,8,2023-04-03,2023-10-30,3D,0,0,,0,0,0,0,"Synthetic outcome generated for model development and pipeline testing only; not a legal, statutory, or empirical real-world benchmark."
SYN-00811,LEGAL_DELAY,14,2021-01-05,2022-01-30,3D,1,228,162.0,1,2,3,1,"Synthetic outcome generated for model development and pipeline testing only; not a legal, statutory, or empirical real-world benchmark."
SYN-00812,ADMINISTRATIVE_BOTTLENECK,12,2023-09-12,2024-08-07,3D,1,172,158.0,1,2,3,0,"Synthetic outcome generated for model development and pipeline testing only; not a legal, statutory, or empirical real-world benchmark."
SYN-00813,RNR_DELAY,9,2025-08-31,2026-04-28,3D,0,0,,0,0,0,0,"Synthetic outcome generated for model development and pipeline testing only; not a legal, statutory, or empirical real-world benchmark."
SYN-00814,MULTI_FACTOR_DELAY,13,2023-06-18,2024-06-12,3A,1,112,248.0,1,2,3,1,"Synthetic outcome generated for model development and pipeline testing only; not a legal, statutory, or empirical real-world benchmark."
SYN-00815,NORMAL,8,2019-06-01,2019-12-28,3D,1,130,80.0,1,2,3,0,"Synthetic outcome generated for model development and pipeline testing only; not a legal, statutory, or empirical real-world benchmark."
SYN-00816,ADMINISTRATIVE_BOTTLENECK,15,2025-10-19,2026-12-13,3D,1,174,246.0,1,2,3,0,"Synthetic outcome generated for model development and pipeline testing only; not a legal, statutory, or empirical real-world benchmark."
SYN-00817,RECOVERY,10,2020-06-02,2021-02-27,3D,0,0,,0,0,0,0,"Synthetic outcome generated for model development and pipeline testing only; not a legal, statutory, or empirical real-world benchmark."
SYN-00818,NORMAL,15,2025-07-07,2026-08-31,3D,0,0,,0,0,0,0,"Synthetic outcome generated for model development and pipeline testing only; not a legal, statutory, or empirical real-world benchmark."
SYN-00819,ADMINISTRATIVE_BOTTLENECK,12,2021-07-16,2022-06-11,3D,0,0,,0,0,0,0,"Synthetic outcome generated for model development and pipeline testing only; not a legal, statutory, or empirical real-world benchmark."
SYN-00820,DOCUMENTATION_DELAY,15,2020-01-15,2021-03-10,3D,1,212,208.0,1,2,3,0,"Synthetic outcome generated for model development and pipeline testing only; not a legal, statutory, or empirical real-world benchmark."
SYN-00821,COMPENSATION_DELAY,14,2021-06-22,2022-07-17,3D,0,0,,0,0,0,1,"Synthetic outcome generated for model development and pipeline testing only; not a legal, statutory, or empirical real-world benchmark."
SYN-00822,NORMAL,15,2024-07-09,2025-09-02,3D,0,0,,0,0,0,0,"Synthetic outcome generated for model development and pipeline testing only; not a legal, statutory, or empirical real-world benchmark."
SYN-00823,RNR_DELAY,10,2020-11-01,2021-07-29,3D,1,103,167.0,1,2,3,0,"Synthetic outcome generated for model development and pipeline testing only; not a legal, statutory, or empirical real-world benchmark."
SYN-00824,MULTI_FACTOR_DELAY,15,2022-11-26,2024-01-20,3A,1,241,179.0,1,2,3,0,"Synthetic outcome generated for model development and pipeline testing only; not a legal, statutory, or empirical real-world benchmark."
SYN-00825,COMPENSATION_DELAY,14,2024-12-12,2026-01-06,3D,1,110,280.0,1,2,3,0,"Synthetic outcome generated for model development and pipeline testing only; not a legal, statutory, or empirical real-world benchmark."
SYN-00826,NORMAL,9,2022-12-24,2023-08-21,3D,0,0,,0,0,0,0,"Synthetic outcome generated for model development and pipeline testing only; not a legal, statutory, or empirical real-world benchmark."
SYN-00827,NORMAL,15,2025-01-01,2026-02-25,3D,0,0,,0,0,0,0,"Synthetic outcome generated for model development and pipeline testing only; not a legal, statutory, or empirical real-world benchmark."
SYN-00828,RECOVERY,15,2019-05-29,2020-07-22,3D,0,0,,0,0,0,0,"Synthetic outcome generated for model development and pipeline testing only; not a legal, statutory, or empirical real-world benchmark."
SYN-00829,NORMAL,13,2021-11-10,2022-11-05,3D,0,0,,0,0,0,0,"Synthetic outcome generated for model development and pipeline testing only; not a legal, statutory, or empirical real-world benchmark."
SYN-00830,NORMAL,8,2024-01-20,2024-08-17,3D,0,0,,0,0,0,0,"Synthetic outcome generated for model development and pipeline testing only; not a legal, statutory, or empirical real-world benchmark."
SYN-00831,RECOVERY,11,2019-04-04,2020-01-29,3D,1,158,142.0,1,2,3,1,"Synthetic outcome generated for model development and pipeline testing only; not a legal, statutory, or empirical real-world benchmark."
SYN-00832,COMPENSATION_DELAY,13,2023-07-02,2024-06-26,3D,0,0,,0,0,0,0,"Synthetic outcome generated for model development and pipeline testing only; not a legal, statutory, or empirical real-world benchmark."
SYN-00833,MULTI_FACTOR_DELAY,15,2022-10-21,2023-12-15,3A,1,108,312.0,1,2,3,1,"Synthetic outcome generated for model development and pipeline testing only; not a legal, statutory, or empirical real-world benchmark."
SYN-00834,ADMINISTRATIVE_BOTTLENECK,12,2024-05-11,2025-04-06,3D,0,0,,0,0,0,0,"Synthetic outcome generated for model development and pipeline testing only; not a legal, statutory, or empirical real-world benchmark."
SYN-00835,DOCUMENTATION_DELAY,8,2023-02-04,2023-09-02,3D,1,123,87.0,1,2,3,0,"Synthetic outcome generated for model development and pipeline testing only; not a legal, statutory, or empirical real-world benchmark."
SYN-00836,ADMINISTRATIVE_BOTTLENECK,8,2024-03-12,2024-10-08,3D,1,73,137.0,1,2,3,0,"Synthetic outcome generated for model development and pipeline testing only; not a legal, statutory, or empirical real-world benchmark."
SYN-00837,ADMINISTRATIVE_BOTTLENECK,13,2019-08-27,2020-08-21,3D,0,0,,0,0,0,0,"Synthetic outcome generated for model development and pipeline testing only; not a legal, statutory, or empirical real-world benchmark."
SYN-00838,NORMAL,8,2019-12-15,2020-07-12,3D,0,0,,0,0,0,0,"Synthetic outcome generated for model development and pipeline testing only; not a legal, statutory, or empirical real-world benchmark."
SYN-00839,NORMAL,12,2022-10-08,2023-09-03,3D,0,0,,0,0,0,1,"Synthetic outcome generated for model development and pipeline testing only; not a legal, statutory, or empirical real-world benchmark."
SYN-00840,COMPENSATION_DELAY,12,2024-12-12,2025-11-07,3D,0,0,,0,0,0,0,"Synthetic outcome generated for model development and pipeline testing only; not a legal, statutory, or empirical real-world benchmark."
SYN-00841,NORMAL,15,2024-08-20,2025-10-14,3D,0,0,,0,0,0,0,"Synthetic outcome generated for model development and pipeline testing only; not a legal, statutory, or empirical real-world benchmark."
SYN-00842,DOCUMENTATION_DELAY,15,2022-09-04,2023-10-29,3D,1,165,255.0,1,2,3,0,"Synthetic outcome generated for model development and pipeline testing only; not a legal, statutory, or empirical real-world benchmark."
SYN-00843,DOCUMENTATION_DELAY,13,2020-12-15,2021-12-10,3D,0,0,,0,0,0,0,"Synthetic outcome generated for model development and pipeline testing only; not a legal, statutory, or empirical real-world benchmark."
SYN-00844,RNR_DELAY,12,2021-11-28,2022-10-24,3D,1,154,176.0,1,2,3,0,"Synthetic outcome generated for model development and pipeline testing only; not a legal, statutory, or empirical real-world benchmark."
SYN-00845,MULTI_FACTOR_DELAY,11,2023-02-06,2023-12-03,3A,1,159,141.0,1,2,3,1,"Synthetic outcome generated for model development and pipeline testing only; not a legal, statutory, or empirical real-world benchmark."
SYN-00846,NORMAL,10,2024-06-16,2025-03-13,3D,0,0,,0,0,0,0,"Synthetic outcome generated for model development and pipeline testing only; not a legal, statutory, or empirical real-world benchmark."
SYN-00847,NORMAL,9,2024-07-23,2025-03-20,3D,0,0,,0,0,0,0,"Synthetic outcome generated for model development and pipeline testing only; not a legal, statutory, or empirical real-world benchmark."
SYN-00848,RECOVERY,12,2020-06-25,2021-05-21,3D,0,0,,0,0,0,0,"Synthetic outcome generated for model development and pipeline testing only; not a legal, statutory, or empirical real-world benchmark."
SYN-00849,NORMAL,15,2021-08-22,2022-10-16,3D,0,0,,0,0,0,0,"Synthetic outcome generated for model development and pipeline testing only; not a legal, statutory, or empirical real-world benchmark."
SYN-00850,COMPENSATION_DELAY,13,2021-11-16,2022-11-11,3D,1,140,220.0,1,2,3,0,"Synthetic outcome generated for model development and pipeline testing only; not a legal, statutory, or empirical real-world benchmark."
SYN-00851,NORMAL,8,2020-02-16,2020-09-13,3D,0,0,,0,0,0,0,"Synthetic outcome generated for model development and pipeline testing only; not a legal, statutory, or empirical real-world benchmark."
SYN-00852,MULTI_FACTOR_DELAY,11,2025-07-16,2026-05-12,3A,1,186,114.0,1,2,3,1,"Synthetic outcome generated for model development and pipeline testing only; not a legal, statutory, or empirical real-world benchmark."
SYN-00853,NORMAL,9,2020-08-22,2021-04-19,3D,0,0,,0,0,0,1,"Synthetic outcome generated for model development and pipeline testing only; not a legal, statutory, or empirical real-world benchmark."
SYN-00854,NORMAL,15,2020-03-12,2021-05-06,3D,0,0,,0,0,0,0,"Synthetic outcome generated for model development and pipeline testing only; not a legal, statutory, or empirical real-world benchmark."
SYN-00855,ADMINISTRATIVE_BOTTLENECK,11,2021-05-21,2022-03-17,3D,0,0,,0,0,0,0,"Synthetic outcome generated for model development and pipeline testing only; not a legal, statutory, or empirical real-world benchmark."
SYN-00856,RECOVERY,8,2020-10-15,2021-05-13,3D,1,31,179.0,1,2,3,0,"Synthetic outcome generated for model development and pipeline testing only; not a legal, statutory, or empirical real-world benchmark."
SYN-00857,NORMAL,8,2023-07-30,2024-02-25,3D,0,0,,0,0,0,0,"Synthetic outcome generated for model development and pipeline testing only; not a legal, statutory, or empirical real-world benchmark."
SYN-00858,ADMINISTRATIVE_BOTTLENECK,8,2022-08-05,2023-03-03,3D,0,0,,0,0,0,0,"Synthetic outcome generated for model development and pipeline testing only; not a legal, statutory, or empirical real-world benchmark."
SYN-00859,DOCUMENTATION_DELAY,12,2020-10-05,2021-08-31,3D,1,127,203.0,1,2,3,0,"Synthetic outcome generated for model development and pipeline testing only; not a legal, statutory, or empirical real-world benchmark."
SYN-00860,DOCUMENTATION_DELAY,8,2022-05-26,2022-12-22,3D,1,69,141.0,1,2,3,0,"Synthetic outcome generated for model development and pipeline testing only; not a legal, statutory, or empirical real-world benchmark."
SYN-00861,NORMAL,9,2020-07-07,2021-03-04,3D,0,0,,0,0,0,1,"Synthetic outcome generated for model development and pipeline testing only; not a legal, statutory, or empirical real-world benchmark."
SYN-00862,NORMAL,11,2022-05-17,2023-03-13,3D,0,0,,0,0,0,0,"Synthetic outcome generated for model development and pipeline testing only; not a legal, statutory, or empirical real-world benchmark."
SYN-00863,ADMINISTRATIVE_BOTTLENECK,14,2021-01-09,2022-02-03,3D,1,147,243.0,1,2,3,0,"Synthetic outcome generated for model development and pipeline testing only; not a legal, statutory, or empirical real-world benchmark."
SYN-00864,LEGAL_DELAY,8,2024-12-28,2025-07-26,3D,0,0,,0,0,0,0,"Synthetic outcome generated for model development and pipeline testing only; not a legal, statutory, or empirical real-world benchmark."
SYN-00865,COMPENSATION_DELAY,15,2021-12-13,2023-02-06,3D,0,0,,0,0,0,0,"Synthetic outcome generated for model development and pipeline testing only; not a legal, statutory, or empirical real-world benchmark."
SYN-00866,NORMAL,10,2023-06-04,2024-02-29,3D,0,0,,0,0,0,0,"Synthetic outcome generated for model development and pipeline testing only; not a legal, statutory, or empirical real-world benchmark."
SYN-00867,RECOVERY,8,2025-04-14,2025-11-10,3D,0,0,,0,0,0,0,"Synthetic outcome generated for model development and pipeline testing only; not a legal, statutory, or empirical real-world benchmark."
SYN-00868,ADMINISTRATIVE_BOTTLENECK,12,2020-12-30,2021-11-25,3D,1,177,153.0,1,2,3,0,"Synthetic outcome generated for model development and pipeline testing only; not a legal, statutory, or empirical real-world benchmark."
SYN-00869,RECOVERY,13,2020-01-06,2020-12-31,3D,0,0,,0,0,0,1,"Synthetic outcome generated for model development and pipeline testing only; not a legal, statutory, or empirical real-world benchmark."
SYN-00870,NORMAL,11,2020-11-08,2021-09-04,3D,0,0,,0,0,0,0,"Synthetic outcome generated for model development and pipeline testing only; not a legal, statutory, or empirical real-world benchmark."
SYN-00871,ADMINISTRATIVE_BOTTLENECK,9,2024-11-15,2025-07-13,3D,1,81,159.0,1,2,3,0,"Synthetic outcome generated for model development and pipeline testing only; not a legal, statutory, or empirical real-world benchmark."
SYN-00872,RNR_DELAY,15,2019-04-30,2020-06-23,3D,1,185,235.0,1,2,3,0,"Synthetic outcome generated for model development and pipeline testing only; not a legal, statutory, or empirical real-world benchmark."
SYN-00873,NORMAL,9,2025-09-07,2026-05-05,3D,0,0,,0,0,0,0,"Synthetic outcome generated for model development and pipeline testing only; not a legal, statutory, or empirical real-world benchmark."
SYN-00874,RNR_DELAY,9,2023-10-09,2024-06-05,3D,0,0,,0,0,0,0,"Synthetic outcome generated for model development and pipeline testing only; not a legal, statutory, or empirical real-world benchmark."
SYN-00875,NORMAL,15,2019-10-12,2020-12-05,3D,0,0,,0,0,0,0,"Synthetic outcome generated for model development and pipeline testing only; not a legal, statutory, or empirical real-world benchmark."
SYN-00876,MULTI_FACTOR_DELAY,9,2020-06-07,2021-02-02,3A,1,120,120.0,1,2,3,0,"Synthetic outcome generated for model development and pipeline testing only; not a legal, statutory, or empirical real-world benchmark."
SYN-00877,NORMAL,9,2022-10-22,2023-06-19,3D,0,0,,0,0,0,0,"Synthetic outcome generated for model development and pipeline testing only; not a legal, statutory, or empirical real-world benchmark."
SYN-00878,LEGAL_DELAY,14,2019-06-01,2020-06-25,3D,1,290,100.0,1,2,3,1,"Synthetic outcome generated for model development and pipeline testing only; not a legal, statutory, or empirical real-world benchmark."
SYN-00879,NORMAL,14,2022-03-15,2023-04-09,3D,0,0,,0,0,0,1,"Synthetic outcome generated for model development and pipeline testing only; not a legal, statutory, or empirical real-world benchmark."
SYN-00880,NORMAL,14,2021-02-08,2022-03-05,3D,0,0,,0,0,0,1,"Synthetic outcome generated for model development and pipeline testing only; not a legal, statutory, or empirical real-world benchmark."
SYN-00881,NORMAL,10,2023-08-07,2024-05-03,3D,0,0,,0,0,0,0,"Synthetic outcome generated for model development and pipeline testing only; not a legal, statutory, or empirical real-world benchmark."
SYN-00882,NORMAL,14,2021-04-05,2022-04-30,3D,0,0,,0,0,0,0,"Synthetic outcome generated for model development and pipeline testing only; not a legal, statutory, or empirical real-world benchmark."
SYN-00883,MULTI_FACTOR_DELAY,12,2021-03-23,2022-02-16,3A,1,192,138.0,1,2,3,0,"Synthetic outcome generated for model development and pipeline testing only; not a legal, statutory, or empirical real-world benchmark."
SYN-00884,NORMAL,14,2020-11-09,2021-12-04,3D,0,0,,0,0,0,1,"Synthetic outcome generated for model development and pipeline testing only; not a legal, statutory, or empirical real-world benchmark."
SYN-00885,ADMINISTRATIVE_BOTTLENECK,15,2024-10-05,2025-11-29,3D,1,259,161.0,1,2,3,1,"Synthetic outcome generated for model development and pipeline testing only; not a legal, statutory, or empirical real-world benchmark."
SYN-00886,NORMAL,15,2025-01-18,2026-03-14,3D,0,0,,0,0,0,0,"Synthetic outcome generated for model development and pipeline testing only; not a legal, statutory, or empirical real-world benchmark."
SYN-00887,NORMAL,15,2020-05-16,2021-07-10,3D,1,259,161.0,1,2,3,1,"Synthetic outcome generated for model development and pipeline testing only; not a legal, statutory, or empirical real-world benchmark."
SYN-00888,RNR_DELAY,14,2021-09-16,2022-10-11,3D,1,146,244.0,1,2,3,0,"Synthetic outcome generated for model development and pipeline testing only; not a legal, statutory, or empirical real-world benchmark."
SYN-00889,COMPENSATION_DELAY,15,2024-12-06,2026-01-30,3D,1,98,322.0,1,2,3,0,"Synthetic outcome generated for model development and pipeline testing only; not a legal, statutory, or empirical real-world benchmark."
SYN-00890,RNR_DELAY,14,2019-09-16,2020-10-10,3D,1,125,265.0,1,2,3,0,"Synthetic outcome generated for model development and pipeline testing only; not a legal, statutory, or empirical real-world benchmark."
SYN-00891,RNR_DELAY,15,2020-04-26,2021-06-20,3D,1,231,189.0,1,2,3,0,"Synthetic outcome generated for model development and pipeline testing only; not a legal, statutory, or empirical real-world benchmark."
SYN-00892,LEGAL_DELAY,14,2024-03-03,2025-03-28,3D,1,250,140.0,1,2,3,0,"Synthetic outcome generated for model development and pipeline testing only; not a legal, statutory, or empirical real-world benchmark."
SYN-00893,RECOVERY,10,2025-05-08,2026-02-02,3D,0,0,,0,0,0,0,"Synthetic outcome generated for model development and pipeline testing only; not a legal, statutory, or empirical real-world benchmark."
SYN-00894,NORMAL,12,2025-02-19,2026-01-15,3D,0,0,,0,0,0,0,"Synthetic outcome generated for model development and pipeline testing only; not a legal, statutory, or empirical real-world benchmark."
SYN-00895,COMPENSATION_DELAY,11,2023-02-20,2023-12-17,3D,1,154,146.0,1,2,3,1,"Synthetic outcome generated for model development and pipeline testing only; not a legal, statutory, or empirical real-world benchmark."
SYN-00896,ADMINISTRATIVE_BOTTLENECK,12,2020-08-26,2021-07-22,3D,1,79,251.0,1,2,3,0,"Synthetic outcome generated for model development and pipeline testing only; not a legal, statutory, or empirical real-world benchmark."
SYN-00897,NORMAL,12,2020-06-18,2021-05-14,3D,0,0,,0,0,0,1,"Synthetic outcome generated for model development and pipeline testing only; not a legal, statutory, or empirical real-world benchmark."
SYN-00898,LEGAL_DELAY,11,2021-10-21,2022-08-17,3D,1,199,101.0,1,2,3,0,"Synthetic outcome generated for model development and pipeline testing only; not a legal, statutory, or empirical real-world benchmark."
SYN-00899,NORMAL,15,2020-12-21,2022-02-14,3D,0,0,,0,0,0,0,"Synthetic outcome generated for model development and pipeline testing only; not a legal, statutory, or empirical real-world benchmark."
SYN-00900,RNR_DELAY,9,2021-06-23,2022-02-18,3D,1,38,202.0,1,2,3,0,"Synthetic outcome generated for model development and pipeline testing only; not a legal, statutory, or empirical real-world benchmark."
SYN-00901,ADMINISTRATIVE_BOTTLENECK,9,2024-02-13,2024-10-10,3D,1,53,187.0,1,2,3,0,"Synthetic outcome generated for model development and pipeline testing only; not a legal, statutory, or empirical real-world benchmark."
SYN-00902,NORMAL,8,2020-10-25,2021-05-23,3D,0,0,,0,0,0,0,"Synthetic outcome generated for model development and pipeline testing only; not a legal, statutory, or empirical real-world benchmark."
SYN-00903,NORMAL,11,2024-04-20,2025-02-14,3D,1,128,172.0,1,2,3,0,"Synthetic outcome generated for model development and pipeline testing only; not a legal, statutory, or empirical real-world benchmark."
SYN-00904,NORMAL,11,2019-08-04,2020-05-30,3D,0,0,,0,0,0,0,"Synthetic outcome generated for model development and pipeline testing only; not a legal, statutory, or empirical real-world benchmark."
SYN-00905,MULTI_FACTOR_DELAY,12,2021-10-26,2022-09-21,3A,1,141,189.0,1,2,3,0,"Synthetic outcome generated for model development and pipeline testing only; not a legal, statutory, or empirical real-world benchmark."
SYN-00906,MULTI_FACTOR_DELAY,11,2023-08-05,2024-05-31,3A,1,143,157.0,1,2,3,1,"Synthetic outcome generated for model development and pipeline testing only; not a legal, statutory, or empirical real-world benchmark."
SYN-00907,NORMAL,8,2023-06-20,2024-01-16,3D,1,118,92.0,1,2,3,1,"Synthetic outcome generated for model development and pipeline testing only; not a legal, statutory, or empirical real-world benchmark."
SYN-00908,NORMAL,11,2021-09-09,2022-07-06,3D,0,0,,0,0,0,0,"Synthetic outcome generated for model development and pipeline testing only; not a legal, statutory, or empirical real-world benchmark."
SYN-00909,NORMAL,9,2025-10-17,2026-06-14,3D,0,0,,0,0,0,0,"Synthetic outcome generated for model development and pipeline testing only; not a legal, statutory, or empirical real-world benchmark."
SYN-00910,NORMAL,10,2023-08-29,2024-05-25,3D,0,0,,0,0,0,0,"Synthetic outcome generated for model development and pipeline testing only; not a legal, statutory, or empirical real-world benchmark."
SYN-00911,NORMAL,8,2021-10-04,2022-05-02,3D,1,45,165.0,1,2,3,0,"Synthetic outcome generated for model development and pipeline testing only; not a legal, statutory, or empirical real-world benchmark."
SYN-00912,NORMAL,14,2020-07-23,2021-08-17,3D,1,164,226.0,1,2,3,1,"Synthetic outcome generated for model development and pipeline testing only; not a legal, statutory, or empirical real-world benchmark."
SYN-00913,NORMAL,14,2021-10-10,2022-11-04,3D,0,0,,0,0,0,0,"Synthetic outcome generated for model development and pipeline testing only; not a legal, statutory, or empirical real-world benchmark."
SYN-00914,NORMAL,10,2023-12-17,2024-09-12,3D,0,0,,0,0,0,1,"Synthetic outcome generated for model development and pipeline testing only; not a legal, statutory, or empirical real-world benchmark."
SYN-00915,NORMAL,14,2023-12-19,2025-01-12,3D,0,0,,0,0,0,0,"Synthetic outcome generated for model development and pipeline testing only; not a legal, statutory, or empirical real-world benchmark."
SYN-00916,ADMINISTRATIVE_BOTTLENECK,8,2024-09-10,2025-04-08,3D,0,0,,0,0,0,0,"Synthetic outcome generated for model development and pipeline testing only; not a legal, statutory, or empirical real-world benchmark."
SYN-00917,NORMAL,13,2020-02-15,2021-02-09,3D,0,0,,0,0,0,0,"Synthetic outcome generated for model development and pipeline testing only; not a legal, statutory, or empirical real-world benchmark."
SYN-00918,NORMAL,13,2021-07-04,2022-06-29,3D,0,0,,0,0,0,1,"Synthetic outcome generated for model development and pipeline testing only; not a legal, statutory, or empirical real-world benchmark."
SYN-00919,DOCUMENTATION_DELAY,14,2020-06-22,2021-07-17,3D,1,299,91.0,1,2,3,1,"Synthetic outcome generated for model development and pipeline testing only; not a legal, statutory, or empirical real-world benchmark."
SYN-00920,NORMAL,10,2020-03-21,2020-12-16,3D,0,0,,0,0,0,0,"Synthetic outcome generated for model development and pipeline testing only; not a legal, statutory, or empirical real-world benchmark."
SYN-00921,DOCUMENTATION_DELAY,9,2025-07-12,2026-03-09,3D,1,38,202.0,1,2,3,0,"Synthetic outcome generated for model development and pipeline testing only; not a legal, statutory, or empirical real-world benchmark."
SYN-00922,NORMAL,12,2022-11-12,2023-10-08,3D,0,0,,0,0,0,0,"Synthetic outcome generated for model development and pipeline testing only; not a legal, statutory, or empirical real-world benchmark."
SYN-00923,NORMAL,15,2024-12-12,2026-02-05,3D,0,0,,0,0,0,0,"Synthetic outcome generated for model development and pipeline testing only; not a legal, statutory, or empirical real-world benchmark."
SYN-00924,NORMAL,11,2025-10-28,2026-08-24,3D,1,144,156.0,1,2,3,1,"Synthetic outcome generated for model development and pipeline testing only; not a legal, statutory, or empirical real-world benchmark."
SYN-00925,COMPENSATION_DELAY,15,2025-05-19,2026-07-13,3D,1,116,304.0,1,2,3,1,"Synthetic outcome generated for model development and pipeline testing only; not a legal, statutory, or empirical real-world benchmark."
SYN-00926,NORMAL,13,2019-07-30,2020-07-24,3D,1,184,176.0,1,2,3,1,"Synthetic outcome generated for model development and pipeline testing only; not a legal, statutory, or empirical real-world benchmark."
SYN-00927,COMPENSATION_DELAY,9,2024-09-29,2025-05-27,3D,1,120,120.0,1,2,3,1,"Synthetic outcome generated for model development and pipeline testing only; not a legal, statutory, or empirical real-world benchmark."
SYN-00928,MULTI_FACTOR_DELAY,14,2019-12-09,2021-01-02,3A,0,0,,0,0,0,0,"Synthetic outcome generated for model development and pipeline testing only; not a legal, statutory, or empirical real-world benchmark."
SYN-00929,NORMAL,9,2025-09-01,2026-04-29,3D,0,0,,0,0,0,0,"Synthetic outcome generated for model development and pipeline testing only; not a legal, statutory, or empirical real-world benchmark."
SYN-00930,NORMAL,14,2019-12-23,2021-01-16,3D,0,0,,0,0,0,1,"Synthetic outcome generated for model development and pipeline testing only; not a legal, statutory, or empirical real-world benchmark."
SYN-00931,NORMAL,13,2020-09-04,2021-08-30,3D,0,0,,0,0,0,1,"Synthetic outcome generated for model development and pipeline testing only; not a legal, statutory, or empirical real-world benchmark."
SYN-00932,MULTI_FACTOR_DELAY,15,2022-02-17,2023-04-13,3A,1,205,215.0,1,2,3,0,"Synthetic outcome generated for model development and pipeline testing only; not a legal, statutory, or empirical real-world benchmark."
SYN-00933,RECOVERY,12,2019-04-22,2020-03-17,3D,0,0,,0,0,0,0,"Synthetic outcome generated for model development and pipeline testing only; not a legal, statutory, or empirical real-world benchmark."
SYN-00934,DOCUMENTATION_DELAY,8,2024-12-06,2025-07-04,3D,1,102,108.0,1,2,3,0,"Synthetic outcome generated for model development and pipeline testing only; not a legal, statutory, or empirical real-world benchmark."
SYN-00935,NORMAL,14,2025-02-28,2026-03-25,3D,0,0,,0,0,0,0,"Synthetic outcome generated for model development and pipeline testing only; not a legal, statutory, or empirical real-world benchmark."
SYN-00936,COMPENSATION_DELAY,12,2022-09-30,2023-08-26,3D,1,190,140.0,1,2,3,1,"Synthetic outcome generated for model development and pipeline testing only; not a legal, statutory, or empirical real-world benchmark."
SYN-00937,NORMAL,11,2022-05-13,2023-03-09,3D,0,0,,0,0,0,0,"Synthetic outcome generated for model development and pipeline testing only; not a legal, statutory, or empirical real-world benchmark."
SYN-00938,COMPENSATION_DELAY,11,2021-11-25,2022-09-21,3D,1,190,110.0,1,2,3,1,"Synthetic outcome generated for model development and pipeline testing only; not a legal, statutory, or empirical real-world benchmark."
SYN-00939,LEGAL_DELAY,14,2023-03-10,2024-04-03,3D,1,241,149.0,1,2,3,0,"Synthetic outcome generated for model development and pipeline testing only; not a legal, statutory, or empirical real-world benchmark."
SYN-00940,MULTI_FACTOR_DELAY,15,2021-08-20,2022-10-14,3A,1,140,280.0,1,2,3,0,"Synthetic outcome generated for model development and pipeline testing only; not a legal, statutory, or empirical real-world benchmark."
SYN-00941,ADMINISTRATIVE_BOTTLENECK,15,2019-01-17,2020-03-12,3D,1,288,132.0,1,2,3,1,"Synthetic outcome generated for model development and pipeline testing only; not a legal, statutory, or empirical real-world benchmark."
SYN-00942,NORMAL,10,2020-06-05,2021-03-02,3D,0,0,,0,0,0,0,"Synthetic outcome generated for model development and pipeline testing only; not a legal, statutory, or empirical real-world benchmark."
SYN-00943,RNR_DELAY,15,2023-07-23,2024-09-15,3D,1,341,79.0,1,2,3,1,"Synthetic outcome generated for model development and pipeline testing only; not a legal, statutory, or empirical real-world benchmark."
SYN-00944,ADMINISTRATIVE_BOTTLENECK,15,2020-08-11,2021-10-05,3D,0,0,,0,0,0,1,"Synthetic outcome generated for model development and pipeline testing only; not a legal, statutory, or empirical real-world benchmark."
SYN-00945,LEGAL_DELAY,8,2025-12-22,2026-07-20,3D,1,72,138.0,1,2,3,0,"Synthetic outcome generated for model development and pipeline testing only; not a legal, statutory, or empirical real-world benchmark."
SYN-00946,NORMAL,14,2021-10-29,2022-11-23,3D,0,0,,0,0,0,1,"Synthetic outcome generated for model development and pipeline testing only; not a legal, statutory, or empirical real-world benchmark."
SYN-00947,NORMAL,10,2024-12-19,2025-09-15,3D,0,0,,0,0,0,0,"Synthetic outcome generated for model development and pipeline testing only; not a legal, statutory, or empirical real-world benchmark."
SYN-00948,RNR_DELAY,8,2022-02-23,2022-09-21,3D,0,0,,0,0,0,0,"Synthetic outcome generated for model development and pipeline testing only; not a legal, statutory, or empirical real-world benchmark."
SYN-00949,COMPENSATION_DELAY,8,2025-01-07,2025-08-05,3D,1,66,144.0,1,2,3,0,"Synthetic outcome generated for model development and pipeline testing only; not a legal, statutory, or empirical real-world benchmark."
SYN-00950,LEGAL_DELAY,9,2022-05-21,2023-01-16,3D,0,0,,0,0,0,0,"Synthetic outcome generated for model development and pipeline testing only; not a legal, statutory, or empirical real-world benchmark."
SYN-00951,LEGAL_DELAY,10,2021-01-14,2021-10-11,3D,0,0,,0,0,0,1,"Synthetic outcome generated for model development and pipeline testing only; not a legal, statutory, or empirical real-world benchmark."
SYN-00952,COMPENSATION_DELAY,9,2024-10-22,2025-06-19,3D,1,77,163.0,1,2,3,1,"Synthetic outcome generated for model development and pipeline testing only; not a legal, statutory, or empirical real-world benchmark."
SYN-00953,COMPENSATION_DELAY,13,2021-09-25,2022-09-20,3D,0,0,,0,0,0,1,"Synthetic outcome generated for model development and pipeline testing only; not a legal, statutory, or empirical real-world benchmark."
SYN-00954,ADMINISTRATIVE_BOTTLENECK,14,2025-01-08,2026-02-02,3D,1,44,346.0,1,2,3,0,"Synthetic outcome generated for model development and pipeline testing only; not a legal, statutory, or empirical real-world benchmark."
SYN-00955,NORMAL,10,2024-06-25,2025-03-22,3D,0,0,,0,0,0,0,"Synthetic outcome generated for model development and pipeline testing only; not a legal, statutory, or empirical real-world benchmark."
SYN-00956,ADMINISTRATIVE_BOTTLENECK,12,2021-12-15,2022-11-10,3D,1,197,133.0,1,2,3,0,"Synthetic outcome generated for model development and pipeline testing only; not a legal, statutory, or empirical real-world benchmark."
SYN-00957,DOCUMENTATION_DELAY,9,2023-04-04,2023-11-30,3D,1,125,115.0,1,2,3,0,"Synthetic outcome generated for model development and pipeline testing only; not a legal, statutory, or empirical real-world benchmark."
SYN-00958,NORMAL,13,2021-03-05,2022-02-28,3D,0,0,,0,0,0,0,"Synthetic outcome generated for model development and pipeline testing only; not a legal, statutory, or empirical real-world benchmark."
SYN-00959,LEGAL_DELAY,10,2019-07-21,2020-04-16,3D,1,137,133.0,1,2,3,0,"Synthetic outcome generated for model development and pipeline testing only; not a legal, statutory, or empirical real-world benchmark."
SYN-00960,COMPENSATION_DELAY,13,2020-05-17,2021-05-12,3D,1,57,303.0,1,2,3,0,"Synthetic outcome generated for model development and pipeline testing only; not a legal, statutory, or empirical real-world benchmark."
SYN-00961,DOCUMENTATION_DELAY,9,2022-10-06,2023-06-03,3D,1,117,123.0,1,2,3,0,"Synthetic outcome generated for model development and pipeline testing only; not a legal, statutory, or empirical real-world benchmark."
SYN-00962,RNR_DELAY,13,2022-04-06,2023-04-01,3D,0,0,,0,0,0,0,"Synthetic outcome generated for model development and pipeline testing only; not a legal, statutory, or empirical real-world benchmark."
SYN-00963,RNR_DELAY,9,2019-04-17,2019-12-13,3D,0,0,,0,0,0,0,"Synthetic outcome generated for model development and pipeline testing only; not a legal, statutory, or empirical real-world benchmark."
SYN-00964,ADMINISTRATIVE_BOTTLENECK,9,2025-08-10,2026-04-07,3D,1,69,171.0,1,2,3,1,"Synthetic outcome generated for model development and pipeline testing only; not a legal, statutory, or empirical real-world benchmark."
SYN-00965,ADMINISTRATIVE_BOTTLENECK,10,2022-09-06,2023-06-03,3D,0,0,,0,0,0,0,"Synthetic outcome generated for model development and pipeline testing only; not a legal, statutory, or empirical real-world benchmark."
SYN-00966,NORMAL,15,2019-03-06,2020-04-29,3D,1,306,114.0,1,2,3,0,"Synthetic outcome generated for model development and pipeline testing only; not a legal, statutory, or empirical real-world benchmark."
SYN-00967,DOCUMENTATION_DELAY,9,2025-09-12,2026-05-10,3D,0,0,,0,0,0,0,"Synthetic outcome generated for model development and pipeline testing only; not a legal, statutory, or empirical real-world benchmark."
SYN-00968,MULTI_FACTOR_DELAY,10,2020-02-14,2020-11-10,3A,1,103,167.0,1,2,3,1,"Synthetic outcome generated for model development and pipeline testing only; not a legal, statutory, or empirical real-world benchmark."
SYN-00969,NORMAL,9,2020-07-21,2021-03-18,3D,0,0,,0,0,0,0,"Synthetic outcome generated for model development and pipeline testing only; not a legal, statutory, or empirical real-world benchmark."
SYN-00970,NORMAL,9,2021-10-18,2022-06-15,3D,0,0,,0,0,0,0,"Synthetic outcome generated for model development and pipeline testing only; not a legal, statutory, or empirical real-world benchmark."
SYN-00971,COMPENSATION_DELAY,11,2022-07-02,2023-04-28,3D,1,129,171.0,1,2,3,0,"Synthetic outcome generated for model development and pipeline testing only; not a legal, statutory, or empirical real-world benchmark."
SYN-00972,LEGAL_DELAY,10,2021-11-09,2022-08-06,3D,1,96,174.0,1,2,3,1,"Synthetic outcome generated for model development and pipeline testing only; not a legal, statutory, or empirical real-world benchmark."
SYN-00973,ADMINISTRATIVE_BOTTLENECK,8,2019-06-15,2020-01-11,3D,1,121,89.0,1,2,3,0,"Synthetic outcome generated for model development and pipeline testing only; not a legal, statutory, or empirical real-world benchmark."
SYN-00974,DOCUMENTATION_DELAY,9,2024-11-23,2025-07-21,3D,1,110,130.0,1,2,3,0,"Synthetic outcome generated for model development and pipeline testing only; not a legal, statutory, or empirical real-world benchmark."
SYN-00975,NORMAL,11,2019-08-16,2020-06-11,3D,0,0,,0,0,0,0,"Synthetic outcome generated for model development and pipeline testing only; not a legal, statutory, or empirical real-world benchmark."
SYN-00976,ADMINISTRATIVE_BOTTLENECK,8,2021-03-30,2021-10-26,3D,1,118,92.0,1,2,3,1,"Synthetic outcome generated for model development and pipeline testing only; not a legal, statutory, or empirical real-world benchmark."
SYN-00977,NORMAL,12,2022-05-17,2023-04-12,3D,0,0,,0,0,0,0,"Synthetic outcome generated for model development and pipeline testing only; not a legal, statutory, or empirical real-world benchmark."
SYN-00978,NORMAL,11,2024-05-10,2025-03-06,3D,0,0,,0,0,0,0,"Synthetic outcome generated for model development and pipeline testing only; not a legal, statutory, or empirical real-world benchmark."
SYN-00979,MULTI_FACTOR_DELAY,9,2019-08-12,2020-04-08,3A,1,104,136.0,1,2,3,1,"Synthetic outcome generated for model development and pipeline testing only; not a legal, statutory, or empirical real-world benchmark."
SYN-00980,COMPENSATION_DELAY,15,2025-06-07,2026-08-01,3D,1,296,124.0,1,2,3,0,"Synthetic outcome generated for model development and pipeline testing only; not a legal, statutory, or empirical real-world benchmark."
SYN-00981,LEGAL_DELAY,11,2024-09-23,2025-07-20,3D,0,0,,0,0,0,0,"Synthetic outcome generated for model development and pipeline testing only; not a legal, statutory, or empirical real-world benchmark."
SYN-00982,COMPENSATION_DELAY,8,2025-06-19,2026-01-15,3D,1,110,100.0,1,2,3,1,"Synthetic outcome generated for model development and pipeline testing only; not a legal, statutory, or empirical real-world benchmark."
SYN-00983,NORMAL,10,2023-12-29,2024-09-24,3D,0,0,,0,0,0,0,"Synthetic outcome generated for model development and pipeline testing only; not a legal, statutory, or empirical real-world benchmark."
SYN-00984,NORMAL,9,2020-01-05,2020-09-01,3D,0,0,,0,0,0,1,"Synthetic outcome generated for model development and pipeline testing only; not a legal, statutory, or empirical real-world benchmark."
SYN-00985,NORMAL,12,2022-09-16,2023-08-12,3D,0,0,,0,0,0,1,"Synthetic outcome generated for model development and pipeline testing only; not a legal, statutory, or empirical real-world benchmark."
SYN-00986,DOCUMENTATION_DELAY,10,2023-12-24,2024-09-19,3D,0,0,,0,0,0,1,"Synthetic outcome generated for model development and pipeline testing only; not a legal, statutory, or empirical real-world benchmark."
SYN-00987,NORMAL,13,2023-07-24,2024-07-18,3D,0,0,,0,0,0,1,"Synthetic outcome generated for model development and pipeline testing only; not a legal, statutory, or empirical real-world benchmark."
SYN-00988,MULTI_FACTOR_DELAY,12,2024-03-14,2025-02-07,3A,1,42,288.0,1,2,3,1,"Synthetic outcome generated for model development and pipeline testing only; not a legal, statutory, or empirical real-world benchmark."
SYN-00989,NORMAL,15,2025-08-10,2026-10-04,3D,0,0,,0,0,0,0,"Synthetic outcome generated for model development and pipeline testing only; not a legal, statutory, or empirical real-world benchmark."
SYN-00990,ADMINISTRATIVE_BOTTLENECK,11,2021-12-11,2022-10-07,3D,1,202,98.0,1,2,3,0,"Synthetic outcome generated for model development and pipeline testing only; not a legal, statutory, or empirical real-world benchmark."
SYN-00991,COMPENSATION_DELAY,14,2022-08-16,2023-09-10,3D,1,111,279.0,1,2,3,0,"Synthetic outcome generated for model development and pipeline testing only; not a legal, statutory, or empirical real-world benchmark."
SYN-00992,ADMINISTRATIVE_BOTTLENECK,15,2022-07-25,2023-09-18,3D,0,0,,0,0,0,0,"Synthetic outcome generated for model development and pipeline testing only; not a legal, statutory, or empirical real-world benchmark."
SYN-00993,NORMAL,10,2019-05-31,2020-02-25,3D,0,0,,0,0,0,0,"Synthetic outcome generated for model development and pipeline testing only; not a legal, statutory, or empirical real-world benchmark."
SYN-00994,NORMAL,14,2021-07-01,2022-07-26,3D,0,0,,0,0,0,0,"Synthetic outcome generated for model development and pipeline testing only; not a legal, statutory, or empirical real-world benchmark."
SYN-00995,DOCUMENTATION_DELAY,12,2024-05-23,2025-04-18,3D,1,133,197.0,1,2,3,1,"Synthetic outcome generated for model development and pipeline testing only; not a legal, statutory, or empirical real-world benchmark."
SYN-00996,RNR_DELAY,9,2024-03-01,2024-10-27,3D,1,65,175.0,1,2,3,1,"Synthetic outcome generated for model development and pipeline testing only; not a legal, statutory, or empirical real-world benchmark."
SYN-00997,NORMAL,11,2020-06-07,2021-04-03,3D,0,0,,0,0,0,0,"Synthetic outcome generated for model development and pipeline testing only; not a legal, statutory, or empirical real-world benchmark."
SYN-00998,ADMINISTRATIVE_BOTTLENECK,8,2024-10-09,2025-05-07,3D,0,0,,0,0,0,0,"Synthetic outcome generated for model development and pipeline testing only; not a legal, statutory, or empirical real-world benchmark."
SYN-00999,ADMINISTRATIVE_BOTTLENECK,14,2023-10-23,2024-11-16,3D,0,0,,0,0,0,1,"Synthetic outcome generated for model development and pipeline testing only; not a legal, statutory, or empirical real-world benchmark."
SYN-01000,DOCUMENTATION_DELAY,9,2023-09-22,2024-05-19,3D,0,0,,0,0,0,0,"Synthetic outcome generated for model development and pipeline testing only; not a legal, statutory, or empirical real-world benchmark."
